,Business_Id,Board,NAICS,NAICS3
0,064G97-E,Cooperative Elevator Co.,111191,111
3,0CP4LK-E,Naturipe Foods LLC,111334,111
4,49302610,"Keweenaw Land Association, Limited",111421,111
9,05MN4C-E,"Zelenka Nursery, Inc.",111421,111
10,062Z7R-E,Emerald BioAgriculture Corp.,112519,112
12,000JBN-E,"ESELCO, Inc.",221111,221
16,12589610,CMS Energy Corporation,221112,221
26,000HHY-E,DTE Electric Company,221112,221
29,23333110,DTE Energy Company,221112,221
42,39304L10,"Cirque Energy, Inc.",221119,221
46,000F58-E,Consumers Energy Company,221119,221
57,0BP6Q3-E,Detroit Renewable Energy LLC,221119,221
65,0039D7-E,Edison Sault Electric Co.,221119,221
66,05XCJH-E,"Sterling Technologies, Inc.",221119,221
67,0073P6-E,Tellurex Corp.,221119,221
68,07PYVQ-E,Thumb Electric Cooperative of Michigan,221119,221
77,06Z2HW-E,United Solar Ovonic LLC,221119,221
78,0B6JMJ-E,ZeroBase Energy LLC,221119,221
84,074FHG-E,International Transmission Co. Holding Corp.,221121,221
85,46568510,ITC Holdings Corp.,221121,221
94,07P52X-E,Cherryland Electric Cooperative,221122,221
102,58153110,"Mckenzie Bay International, Ltd.",221122,221
105,05ND5R-E,Michigan Electric Transmission Co. LLC,221122,221
106,075NYZ-E,Michigan South Central Power Agency,221122,221
109,07G0Z4-E,Midwest Energy Cooperative,221122,221
115,0646X9-E,CMS Enterprises Co.,221210,221
117,072H8G-E,Continental Energy Systems LLC,221210,221
123,000PZ1-E,DTE Gas Co.,221210,221
124,06RFSR-E,Semco Energy Gas Co.,221210,221
125,74586710,"PulteGroup, Inc.",236115,236
133,0030JD-E,"Champion Home Builders, Inc.",236117,236
137,07Q6N0-E,"Bilt-Rite Construction, Inc.",236118,236
138,074JF7-E,Sturgis Improvement Association,236118,236
140,061SSV-E,Barton Malow Co.,236220,236
143,06584H-E,Christman Company,236220,236
147,07VGV1-E,"Crittenden Construction Co., Inc.",236220,236
148,07PB3N-E,"Leidal & Hart Mason Contractors, Inc.",236220,236
150,0713PT-E,Three Rivers Corp.,236220,236
154,07PQ0Y-E,"Woods Construction, Inc.",236220,236
156,07Z5YZ-E,B&B Environmental Services LLC,237110,237
159,0CK0V9-E,PowerTeam Services LLC,237120,237
162,07NQ3S-E,Bacco Construction Co.,237310,237
164,07PCRC-E,"Milbocker & Sons, Inc.",237310,237
166,07WQVN-E,"Applied Science, Inc.",237990,237
167,07WSQM-E,Abbott K. Shlain Co.,238130,238
168,0850MW-E,C.C. Power LLC,238210,238
172,07MWZV-E,Douglas Steel Fabricating Corp.,238220,238
180,0BZY5P-E,"Godwin Plumbing, Inc.",238220,238
181,0809XX-E,"Owens Cos., Inc.",238220,238
182,07R44G-E,"Acoustic Ceiling & Partition Co., Inc.",238310,238
184,0641YS-E,"Duro-Last Roofing, Inc.",238390,238
186,082MK3-E,Schreiber Corp.,238390,238
187,0653JK-E,Star of the West Milling Company,311211,311
188,48783610,Kellogg Company,311230,311
200,05ND66-E,Michigan Sugar Co.,311312,311
210,080LHH-E,A.M. Todd Co.,311411,311
211,064752-E,"Cole's Quality Foods, Inc.",311412,311
212,000L0X-E,Gerber Products Company,311422,311
215,07Z9YM-E,"Vandco, Inc.",311612,311
219,0655R2-E,A.M. Todd Group Co.,311942,311
224,078G5D-E,"Kalsec, Inc.",311942,311
225,28556010,Electronic Cigarettes International Group Ltd.,312221,312
230,000KXP-E,Gelman Sciences Inc.,314999,314
231,06GMSH-E,"Performance Fabrics, Inc.",315299,315
232,97809710,"Wolverine World Wide, Inc.",316213,316
242,063B6Z-E,"Kok's Woodgoods, Inc.",321113,321
245,07W3V3-E,PRA Co.,321920,321
246,000DMF-E,Champion Enterprises,321992,321
247,07YNFJ-E,Handy Wacks Corp.,322215,322
250,06792Y-E,"Cello-Foil Products, Inc.",322223,322
252,05LWSW-E,Allegra Network LLC,323114,323
253,0642CW-E,"Walters-Dimmick Petroleum, Inc.",324110,324
254,07XG1K-E,Chem Trend Holding LP,324191,324
255,09SV3D-E,General Chemical Corporation,324191,324
257,06FJ8H-E,"PVS Technologies, Inc.",325188,325
258,09HRBP-E,Silbond Corporation,325193,325
259,06L8F3-E,ESCO Co. LLP,325199,325
260,05L77C-E,"Pressure Vessel Service, Inc.",325199,325
261,26054310,Dow Chemical Company,325211,325
270,000HN9-E,Dow Corning Corp.,325211,325
283,0093DM-E,"GANTEC, Inc.",325320,325
284,05VGWG-E,"Twinlab Holdings, Inc.",325411,325
285,07BF9P-E,ViSalus Holdings LLC,325411,325
288,067JPH-E,"Astral, Inc.",325412,325
289,00B798-E,"Aursos, Inc.",325412,325
291,0014DL-E,Caraco Pharmaceutical Laboratories Ltd.,325412,325
295,06WZ1K-E,"Cerenis Therapeutics, Inc.",325412,325
301,008ZKF-E,"Conceivex, Inc.",325412,325
310,29664W10,"Esperion Therapeutics, Inc.",325412,325
318,008THT-E,Lycera Corp.,325412,325
324,009WRR-E,Metabolic Solutions Development Co. LLC,325412,325
333,064B45-E,"MPI Research, Inc.",325412,325
335,008HBW-E,"NanoMed Pharmaceuticals, Inc.",325412,325
338,64049110,Neogen Corporation,325412,325
346,005VL0-E,"ProNAi Therapeutics, Inc.",325412,325
350,003J61-E,QuatRx Pharmaceuticals Company,325412,325
357,09YFWL-E,"Life Magnetics, Inc.",325413,325
360,079GMF-E,"Endra, Inc.",325414,325
365,008Y1X-E,"Incept BioSystems, Inc.",325414,325
368,006GZC-E,Nanobio Corporation,325414,325
375,005QL9-E,NephRx Corp.,325414,325
381,06YWMX-E,SensiGen LLC,325414,325
382,09XSMY-E,"Swift Biosciences, Inc.",325414,325
388,07CCZQ-E,"Allied Photochemical, Inc.",325510,325
392,0641LS-E,DuPont Automotive Co.,325510,325
393,07TZGJ-E,"Universal Coating, Inc.",325510,325
394,05N3DL-E,"Alticor, Inc.",325612,325
402,0097XY-E,Vestaron Corp.,325998,325
405,07RK7M-E,"Custom Profile, Inc.",326199,326
406,083N5C-E,"Delfingen US, Inc.",326199,326
407,0D630K-E,"Medbio, Inc.",326199,326
408,0089GT-E,"Avon Automotive Holdings, Inc.",326220,326
410,00125W-E,Guardian Industries,327211,327
414,0643BQ-E,Fabri-Kal Corporation,327213,327
415,003GB0-E,"Plastipak Packaging, Inc.",327213,327
416,003KRB-E,"Nanocerox, Inc.",327999,327
423,060SFP-E,"East Jordan Iron Works, Inc.",331111,331
427,05SX2G-E,"Powerlasers, Inc.",331111,331
428,0CMXFT-E,Severstal Dearborn LLC,331111,331
429,061T6V-E,Soave Enterprises L.L.C.,331111,331
433,006JN9-E,Tarpon Inds Inc Com,331210,331
436,07BQF0-E,Heartland Steel Products LLC,331221,331
437,0644XL-E,MNP Corporation,331221,331
441,063NXP-E,The Brown Corp. of America LLC,331221,331
442,05X9VT-E,Alro Steel Corporation,331315,331
444,06CY41-E,Kux Manufacturing Co.,331315,331
445,07ST18-E,"Profile Manufacturing, Inc.",331316,331
446,001B2N-E,Chase Industries Inc.,331421,331
447,07V2ZF-E,"Northfield Manufacturing, Inc.",331513,331
448,0089ZV-E,Die Cast Holdings Inc,331521,331
451,06TLT6-E,Harvey Industries LLC,331521,331
452,06CM6X-E,"ICG Castings, Inc.",331521,331
455,001W1R-E,Hayes Lemmerz International Inc. Cl A,331524,331
458,05MGF1-E,DeZURIK,332212,332
459,063XNJ-E,"AJAX Metal Processing, Inc.",332311,332
460,07QTXT-E,"Fab Masters Co., Inc.",332312,332
461,000PKB-E,"Maxco, Inc.",332312,332
462,07QDPD-E,"Moran Iron Works, Inc.",332312,332
471,079SN3-E,Shape Corp.,332312,332
472,064KDL-E,"Unique Fabricating, Inc.",332312,332
478,07VJTP-E,"Litex, Inc.",332321,332
479,0688BG-E,TWB Co. LLC,332322,332
480,064C1Y-E,"Ovonyx, Inc.",332510,332
481,06VL27-E,Automatic Spring Products Corp.,332611,332
482,07XF54-E,"National Industrial Supply Co., Inc.",332611,332
483,064X89-E,Peterson American Corp.,332611,332
484,05SHTZ-E,JSJ Corporation,332612,332
495,07Z57S-E,"DAS Technologies, Inc.",332710,332
497,0B18R8-E,"Fairlane Tool Co., Inc.",332710,332
498,07Y63V-E,"Jamison Industries, Inc.",332721,332
499,06VXBX-E,Rima Manufacturing Co.,332721,332
501,07P293-E,"Beachlawn, Inc.",332722,332
502,31381910,Federal Screw Works,332722,332
510,07X4BQ-E,"ALD Thermal Treatment, Inc.",332811,332
512,07Z73F-E,"Knape Industries, Inc.",332812,332
513,071WCB-E,Spartan Steel Coating LLC,332812,332
514,07WK9K-E,"Fluid Routing Solutions, Inc.",332912,332
517,000NGS-E,Kaydon Corporation,332991,332
521,4268220,Arotech Corporation,332994,332
526,07WT86-E,"Center Mass, Inc.",332994,332
528,77437410,"Rockwell Medical, Inc.",332994,332
531,07B77Z-E,NSW Automotive LLC,332999,332
533,080HS6-E,Wolverine Advanced Materials,332999,332
534,008H48-E,Self-Guided Systems LLC,333112,333
535,079V14-E,Carlton Creek Ironworks LLC,333120,333
536,0B42T5-E,"Falcon Road Maintenance Equipment, Inc.",333120,333
537,062VJ9-E,The Johnson Corp.,333291,333
538,07Y638-E,"Phillips Service Industries, Inc.",333295,333
539,06482M-E,Besser Co.,333298,333
540,07XRYC-E,"General Machine Service, Inc.",333298,333
541,0CX43P-E,OPS Solutions LLC,333298,333
542,07ZBGM-E,Sitronic Corp.,333319,333
544,00CV64-E,"Prism Analytical Technologies, Inc.",333411,333
545,0656J7-E,Behler-Young Company,333415,333
546,000NY5-E,Kysor Industrial Corporation,333415,333
547,87889530,Tecumseh Products Company,333415,333
553,008NVR-E,Great Lakes Laser Services LP,333512,333
554,06DYX9-E,Star Cutter Co.,333512,333
555,59116R10,"Metaldyne Performance Group, Inc.",333513,333
562,05SQB6-E,"Automotion, Inc.",333518,333
564,92927K10,WABCO Holdings Inc.,333613,333
572,078BTS-E,EcoMotors International,333618,333
575,00C3JV-E,"ElectroJet, Inc.",333618,333
577,06T4MD-E,"Engineered Machined Products, Inc.",333911,333
578,05RZXK-E,Union Pump Co.,333911,333
579,07XV2G-E,"Colombo Sales & Engineering, Inc.",333922,333
580,080HR6-E,Daifuku Webb Holding Co.,333922,333
581,063VTG-E,Dearborn Mid-West Conveyor Co.,333922,333
587,064Y75-E,Dematic Corp.,333922,333
588,064LV9-E,Jervis B. Webb Co.,333922,333
589,0C6F3G-E,"Laramie, Inc.",333923,333
590,77504310,Rofin-Sinar Technologies Inc.,333992,333
596,0C34MK-E,"SpaceForm Welding Solutions, Inc.",333992,333
597,89621520,TriMas Corporation,333993,333
604,008M7F-E,"Pixel Velocity, Inc.",334112,334
610,09173J10,Bitcoin Shop Inc,334119,334
611,0CP119-E,"Summit Digital, Inc.",334220,334
612,0C2M6Y-E,"Monarch Antenna, Inc.",334290,334
615,06Q3Z9-E,Saturn Electronics Corp.,334412,334
617,05M6BP-E,Trilogy,334412,334
618,009X0G-E,"Arise Technologies, Inc.",334413,334
619,05MJ13-E,Dow Corning Electronics,334413,334
620,089BPF-E,Hemlock Semiconductor Corp.,334413,334
621,0BJVJV-E,Sunlogics PLC,334413,334
627,00BMNB-E,"Aeroflex/Inmet, Inc.",334415,334
638,00BMN6-E,"Aeroflex Microelectronic Solutions, Inc.",334419,334
640,00BHVC-E,"Danotek Motion Technologies, Inc.",334419,334
644,0643VV-E,FANUC Robotics America Corp.,334419,334
645,008NYL-E,"Integrated Sensing Systems, Inc.",334419,334
647,07PFG6-E,Lotus International Co.,334419,334
651,002WML-E,"Saturn Electronics & Engineering, Inc.",334419,334
653,07NFTB-E,US Energia LLC,334419,334
654,068VPQ-E,Wintek Electro Optics Corp.,334419,334
655,006WC6-E,"Accuri Cytometers, Inc.",334510,334
658,009QQV-E,"Arbor Photonics, Inc.",334510,334
659,07Y5RP-E,"Gunnell, Inc.",334510,334
660,009J9T-E,"Phrixus Pharmaceuticals, Inc.",334510,334
663,0018LC-E,Somanetics Corp,334510,334
672,006PRV-E,"Coherix, Inc.",334513,334
675,71361F10,"Perceptron, Inc.",334513,334
682,064WWV-E,"Sensor Developments, Inc.",334513,334
683,00C7S4-E,"Everist Genomics, Inc.",334514,334
684,073YW8-E,"Silversmith, Inc.",334514,334
685,9777020,"Bonal International, Inc.",334515,334
690,065D1S-E,"Sensicore, Inc.",334515,334
691,007NNK-E,"Solidica, Inc.",334515,334
693,064Z80-E,"Assay Designs, Inc.",334516,334
695,07W91Z-E,RS Technologies Ltd.,334519,334
696,8E+109,"Advanced Photonix, Inc.",334519,334
701,0CXZVQ-E,"AgriSight, Inc.",334611,334
702,0644XX-E,ANXeBusiness Corp.,334611,334
703,0CRH4M-E,"ArborMetrix, Inc.",334611,334
707,06HZQ8-E,"ChriMar Systems, Inc.",334611,334
708,06J3T7-E,"Danlaw, Inc.",334611,334
709,00DNLJ-E,"ePaySelect, Inc.",334611,334
711,06JSC4-E,"ESI North America, Inc.",334611,334
712,00C1DB-E,"gloStream, Inc.",334611,334
713,06ZWQL-E,"H2H Solutions, Inc.",334611,334
716,00DFHG-E,iRule LLC,334611,334
721,0CZ051-E,"JobApp Network, Inc.",334611,334
722,007JMF-E,Kinderstreet Corp.,334611,334
723,0CTNY6-E,Level Eleven LLC,334611,334
726,000PDY-E,Manatron Inc Com,334611,334
727,0644JJ-E,Miracle Software Systems Inc.,334611,334
728,06HLLZ-E,"Plex Systems, Inc.",334611,334
733,065MVP-E,RouteOne LLC,334611,334
736,09KZ9N-E,SalezTrack LLC,334611,334
737,0654R5-E,"The TM Group, Inc.",334611,334
738,06SNYN-E,"Unitask, Inc.",334611,334
740,0BGFC1-E,"Venture Industries, Inc.",334611,334
742,06438T-E,"Electro-Matic Products, Inc.",335122,335
744,07QV0Z-E,Fan-Tastic Vent Corp.,335211,335
745,001X4S-E,Bissell Inc.,335212,335
748,96332010,Whirlpool Corporation,335224,335
760,07N94W-E,"Grand Transformers, Inc.",335311,335
765,0021DM-E,"Prestolite Electric, Inc.",335312,335
770,05PN8C-E,"Faraday, Inc.",335314,335
772,06YZZV-E,"Harding Energy, Inc.",335911,335
773,05PKHB-E,"Lion Compact Energy, Inc.",335911,335
774,078D6R-E,"Sakti3, Inc.",335911,335
779,06C2C1-E,"T/J Technologies, Inc.",335911,335
780,074MMT-E,K-R Automation Corp.,335931,335
781,0CGW5Z-E,"Plasan Carbon Composites, Inc.",335991,335
782,00B7H9-E,"XG Sciences, Inc.",335991,335
789,36848720,GEI Global Energy Corp.,335999,335
791,07P166-E,Burke E. Porter Machinery Co.,336111,336
792,05MMNQ-E,Carlson Real Estate,336111,336
793,07NRGK-E,Chrysler Group LLC,336111,336
805,05MFY5-E,Delphi Automotive Systems LLC,336111,336
806,064CCH-E,Flat Rock Assembly Plant,336111,336
807,34537086,Ford Motor Company,336111,336
822,37045V10,General Motors Company,336111,336
833,07SGMH-E,"Gibbs Sports Amphibians, Inc.",336111,336
834,09J8PK-E,HHI Group Holdings LLC,336111,336
837,007JPR-E,"Legend Motors Worldwide, Inc.",336111,336
838,001J60-E,Penske Corporation,336111,336
847,05N6MZ-E,Robert Bosch LLC,336111,336
848,064PYJ-E,"Roush Enterprises, Inc.",336111,336
849,84681910,"Spartan Motors, Inc.",336111,336
855,05Q1JR-E,Alma Products Co.,336211,336
856,001CG8-E,Autocam Corp Com,336211,336
864,9972410,BorgWarner Inc.,336211,336
874,21676P10,Cooper-Standard Holdings Inc.,336211,336
880,37190110,Gentex Corporation,336211,336
888,05RDDB-E,"Rugged Liner, Inc.",336211,336
889,00734Z-E,"StanTech, Inc.",336211,336
890,000XWZ-E,Trico Products Corporation,336211,336
893,87264S10,TRW Automotive Holdings Corp.,336211,336
902,92839U20,Visteon Corporation,336211,336
909,000JHF-E,Federal-Mogul Holdings Corp Warrants 2007-27.12.14 On Shs,336312,336
910,081LD7-E,Inergy Automotive Systems (USA) LLC,336312,336
913,001P5Y-E,Noble Intl Ltd Com,336312,336
920,00C88T-E,Delphi Automotive LLP,336322,336
930,080LQW-E,Hella Electronics Corp.,336322,336
933,59001K10,"Meritor, Inc.",336322,336
941,003Z44-E,"TRW Automotive, Inc.",336322,336
949,0CQTWF-E,"ALTe Powertrain Technologies, Inc.",336350,336
952,31354940,Federal-Mogul Holdings Corp,336350,336
960,07HZ70-E,"FEV, Inc.",336350,336
961,063CK1-E,Progressive Dynamics Inc.,336350,336
963,52186520,Lear Corporation,336360,336
971,0D9FFB-E,GFM Corp.,336370,336
972,0661Z0-E,Affinia Group Holdings Inc.,336399,336
979,05MY1B-E,"AxleTech International, Inc.",336399,336
982,06MLVK-E,"Center Manufacturing, Inc.",336399,336
987,00B5V1-E,"Cooper Standard Automotive FHS, Inc.",336399,336
988,05SKRX-E,"Cooper-Standard Automotive, Inc.",336399,336
993,06CXXZ-E,General Products Corporation,336399,336
996,37253A10,Gentherm Incorporated,336399,336
1004,009VDT-E,"Henniges Automotive, Inc.",336399,336
1006,06QWQ3-E,"International Automotive Components Group North America, Inc.",336399,336
1009,06841H-E,"JAC Products, Inc.",336399,336
1010,05ZGCG-E,"Key Safety Systems, Inc.",336399,336
1016,05VYJC-E,LE Technologies,336399,336
1018,06QCLN-E,Roush Fenway Racing,336399,336
1019,89182610,"Tower International, Inc.",336399,336
1025,0656FC-E,"Valeo, Inc.",336399,336
1026,0CVY79-E,AIP/Aerospace Holdings LLC,336412,336
1027,05L67J-E,Penske Transportation Components LLC,336412,336
1029,080PZD-E,"Avon Protection Systems, Inc.",336413,336
1032,05VGR0-E,Cignet LLC,336612,336
1033,07XT4F-E,"Concept Fastners, Inc.",336612,336
1034,003GC1-E,"Plastipak Holdings, Inc.",336612,336
1036,0745FF-E,"S 2 Yachts, Inc.",336612,336
1037,005T51-E,VTEC Technologies LLC,336612,336
1038,0B01DK-E,"Hayes Lemmerz, Inc.",336991,336
1039,0CKCS7-E,General Dynamics Land Systems Customer Service & Support Co.,336992,336
1042,07SSY0-E,"EW Kitchens, Inc.",337110,337
1043,06400F-E,Jasper Cabinet Co.,337110,337
1044,57459910,Masco Corporation,337110,337
1054,064904-E,"Art Van Furniture, Inc.",337121,337
1055,60054410,"Herman Miller, Inc.",337121,337
1066,50533610,LaZBoy Incorporated,337121,337
1076,083YX9-E,"Quality Craft, Inc.",337122,337
1079,07YX9Y-E,Irwin Seating Holding Co.,337127,337
1080,070HCK-E,Amneon Furniture LLC,337211,337
1081,07Y6PH-E,"Escanaba Furniture, Inc.",337211,337
1082,002S4D-E,"Haworth, Inc.",337211,337
1086,06NDYY-E,"Landscape Forms, Inc.",337211,337
1087,06NG05-E,Nucraft Furniture Company,337211,337
1088,000NWW-E,Knape & Vogt Manufacturing Co.,337212,337
1090,85815520,Steelcase Inc. Class A,337214,337
1103,0CJ90P-E,Angott Medical Products LLC,339112,339
1107,005S78-E,"Handylab, Inc.",339112,339
1113,00CBVY-E,"HistoSonics, Inc.",339112,339
1114,45685K10,"InfuSystem Holdings, Inc.",339112,339
1119,0D620F-E,"Mopec, Inc.",339112,339
1120,0B3KP6-E,"Neuro Nexus Technologies, Inc.",339112,339
1123,008XYP-E,"Pioneer Surgical Technology, Inc.",339112,339
1124,00DF7N-E,"Tangent Medical Technologies, Inc.",339112,339
1127,00BDT8-E,"TransCorp, Inc.",339112,339
1131,00DKVD-E,"Ablative Solutions, Inc.",339113,339
1136,86366710,Stryker Corporation,339113,339
1145,063688-E,Ranir LLC,339114,339
1148,0BXYWB-E,EP Management Corp.,339991,339
1149,004XRJ-E,Whitesell International Corp.,339993,339
1150,0CKVH5-E,"Grand River Aseptic Manufacturing, Inc.",339999,339
1155,07CVPC-E,The Shane Group LLC,339999,339
1156,083DD5-E,"Hino Motors Sales USA, Inc.",423110,423
1157,086B37-E,American Mitsuba Corp.,423120,423
1158,07X446-E,Beel Automotive LLC,423120,423
1159,05KZFV-E,"Global Technology, Inc.",423120,423
1160,07ZMQC-E,"S&V Technologies, Inc.",423120,423
1161,063B6S-E,"The Empire Co., Inc.",423310,423
1165,91354310,"Universal Forest Products, Inc.",423310,423
1174,008V4X-E,"Ameriscape, Inc.",423320,423
1176,07WLLL-E,"Exotic Granite & Marble, Inc.",423320,423
1177,07X2G6-E,"Chris-Co., Inc.",423420,423
1178,07XLZ4-E,MIC Customs Solutions,423430,423
1185,009QGW-E,"CytoPherx, Inc.",423450,423
1191,071SVZ-E,"Meditrina Pharmaceuticals, Inc.",423450,423
1193,07P1D0-E,Brown-Campbell Co.,423510,423
1195,07XKFD-E,Dennen Steel Corp.,423510,423
1196,07VQ01-E,"McGowan Electric Supply, Inc.",423610,423
1197,064H8W-E,Reed City Power Line Supply Co.,423610,423
1198,07X6GF-E,"Reliance Electric Machine Co., Inc.",423610,423
1199,07XPG8-E,"Lite-On Automotive North America, Inc.",423620,423
1201,06VLQG-E,Reid Supply Co.,423710,423
1202,05MJTL-E,Whitehall Products LLC,423820,423
1203,0D3Y0Q-E,"Armstrong-Yoshitake, Inc.",423830,423
1205,07Z5KW-E,"Trinity Holding, Inc. (Michigan)",423830,423
1206,070MWF-E,"TWO Men and A Truck/International, Inc.",423860,423
1208,064405-E,Amway Corp.,424210,424
1209,00DWTC-E,"Atterocor, Inc.",424210,424
1214,25456K10,"Diplomat Pharmacy, Inc.",424210,424
1219,00BJXT-E,"Michelle's Miracle, Inc.",424210,424
1223,07B20M-E,Michigan High Throughput Screening Center,424210,424
1224,065960-E,The Harvard Drug Group LLC,424210,424
1225,05L4MD-E,Van Kampen Group,424210,424
1226,0B514M-E,"ViSalus, Inc.",424210,424
1231,05M5C9-E,"Gordon Food Service, Inc.",424410,424
1238,84721510,SpartanNash Company,424410,424
1248,080P6C-E,"Van Dyk & Sons, Inc.",424480,424
1250,07NDB0-E,Cadillac Coffee Co.,424490,424
1251,25068510,Detrex Corporation,424690,424
1255,064L91-E,"Haviland Enterprises, Inc.",424690,424
1257,06XJXG-E,"Liquidity, Inc.",424820,424
1259,06Z5TZ-E,The Vintage Wine Co. Ltd.,424820,424
1260,07P8C3-E,"Fremont Cooperative Produce Co., Inc.",424910,424
1264,07P9B8-E,"Hamilton Farm Bureau Cooperative, Inc.",424910,424
1271,0645HV-E,English Gardens,424930,424
1272,07P2RZ-E,Atlas Oil Co.,425120,425
1273,07PBGZ-E,"Lafontaine Global Vehicles, Inc.",441110,441
1274,07PH19-E,"Pat Milliken Ford, Inc.",441110,441
1275,70959W10,"Penske Automotive Group, Inc.",441110,441
1286,007KW7-E,TD Auto Finance LLC,441110,441
1287,076M1P-E,Think North America,441110,441
1291,00D5FW-E,Current Motor Co.,441221,441
1292,060LMT-E,"Affinia Group, Inc.",441310,441
1296,065F2L-E,AISIN World Corp. of America,441310,441
1297,073GB1-E,"BRP Acquisition Group, Inc.",441310,441
1298,05MG72-E,"DENSO International America, Inc.",441310,441
1299,57061T30,Marketing Worldwide Corporation,441310,441
1300,000R9R-E,"Newcor, Inc.",441310,441
1301,05VF75-E,TI Automotive,441310,441
1302,0BD534-E,OnSite Services Co.,443111,443
1306,00C8Y9-E,"Mount Knowledge USA, Inc.",443120,443
1309,06DL7H-E,"Taylor Technologies, Inc.",443120,443
1310,06NK62-E,"New Moosejaw, LLC",444210,444
1312,06MQV6-E,"Borman's, Inc.",445110,445
1314,063N6T-E,"D&W Food Centers, Inc.",445110,445
1315,07Q03K-E,"Goodrich's Spartan Shop-Rite Market, Inc.",445110,445
1316,00BSMX-E,Klein Retail Centers Inc.,445110,445
1320,05W97B-E,"Meijer, Inc.",445110,445
1326,060KKJ-E,United Distribution Group LLC,445120,445
1327,07QQVK-E,Richardson's Pharmacy LLC,446110,446
1333,061GBR-E,"RX Optical Laboratories, Inc.",446130,446
1334,07QDM6-E,J&H Oil Co.,447190,447
1335,00205G-E,Gerber Childrenswear Inc.,448130,448
1336,0641GW-E,Dunham's Athleisure Corp.,451110,451
1337,06426F-E,"Walden Book Co., Inc.",451211,451
1338,004HBW-E,Kmart Fing I Pfd Trcv 7.75%,452990,452
1341,078912-E,"Pet Supplies ""Plus""/U.S.A., Inc.",453910,453
1344,06NCDM-E,"Harbor Industries, Inc.",453998,453
1345,07RLDQ-E,"Variety Foodservices, Inc.",454210,454
1346,008KMZ-E,Liberty Renewable Fuels LLC,454319,454
1347,06PMDZ-E,Northern Lights Airlines Ltd.,481111,481
1348,07R31H-E,"Corporate Eagle Management Services, Inc.",481211,481
1350,05TWQ4-E,Detroit River Tunnel Co.,482111,482
1352,0CC32S-E,Marquette Rail LLC,482112,482
1353,0DH55T-E,"Train Travel, Inc.",482112,482
1354,001SVZ-E,"CenTra, Inc.",484110,484
1355,07QP87-E,"Alco Transportation, Inc.",484121,484
1356,06FTD1-E,"Con-Way Freight, Inc.",484121,484
1357,07QZJ7-E,Corrigan Moving & Storage Co.,484121,484
1358,079MH2-E,Davis Cartage Co.,484121,484
1359,91388P10,"Universal Truckload Services, Inc.",484121,484
1369,002GNZ-E,"USF Holland, Inc.",484122,484
1372,07FK8K-E,"Precision Motor Transport Group, LLC",484220,484
1375,05VT3Z-E,Vector Pipeline LP,486110,486
1376,06Y8NM-E,Wayne County Airport Authority,488119,488
1379,07R3SS-E,Detroit Transportation Corp.,488210,488
1390,001ZX2-E,United Road Service Com New,488410,488
1392,0B12N1-E,Detroit International Bridge Co.,488490,488
1393,064JV0-E,Hanson Logistics,488510,488
1400,08C9L3-E,syncreon International Group,488510,488
1409,07T0QQ-E,"Welch Aviation, Inc.",492110,492
1410,0CQ0BF-E,Mitsi Holdings LLC,493190,493
1411,05KH1X-E,R. L. Polk & Co.,511140,511
1412,05SJ80-E,Altair Engineering Inc.,511210,511
1418,0CTT7Z-E,Ark Labs LLC,511210,511
1422,0B3QYH-E,"AutoKnowledge, Inc.",511210,511
1423,06TYSL-E,"Campfire Interactive, Inc.",511210,511
1424,05T10Q-E,Computech Corp.,511210,511
1426,20563810,Compuware Corporation,511210,511
1436,00D6X3-E,Digital Knowledge Corp.,511210,511
1437,07Y5G5-E,"Emmeskay, Inc.",511210,511
1438,09ZNGP-E,"LLamasoft, Inc.",511210,511
1439,066CC7-E,"Logicalis, Inc.",511210,511
1442,05LL96-E,"MediaSpan Group, Inc.",511210,511
1444,05Z81P-E,ProQuest LLC,511210,511
1451,0C33GR-E,"Red Cedar Technology, Inc.",511210,511
1452,77060910,Robertson Global Health Solutions Corporation,511210,511
1454,080ZS0-E,"SilkRoute Global, Inc.",511210,511
1455,07627S-E,"Trubiquity, Inc.",511210,511
1457,06LWSR-E,WorkForce Software LLC,511210,511
1459,06S9ND-E,Crossroads Media LLC,512230,512
1461,062CJQ-E,Grenax Broadcasting LLC,515111,515
1464,0664JQ-E,Northern Star Broadcasting LLC,515111,515
1466,78659830,"Saga Communications, Inc. Class A",515111,515
1470,060HCM-E,WHSB-FM,515112,515
1472,0064V3-E,"Appia Communications, Inc.",517110,517
1473,06G0F6-E,"BullsEye Telecom, Inc.",517110,517
1477,06TX7R-E,Nexlink Communications LLC,517110,517
1478,00C3Y9-E,"Destination Media, Inc.",517210,517
1481,06GBR5-E,GVCwinstar,517210,517
1482,0098B2-E,MetroPCS Michigan LLC,517210,517
1485,0C3ZP9-E,"ABA Communications, Inc.",517919,517
1487,0C2XZ3-E,Detroit Trading Co.,517919,517
1491,0025F3-E,"Family Christian Stores, Inc.",517919,517
1492,064J9T-E,"Gospel Communications International, Inc.",517919,517
1502,05LKV3-E,"Maxfunds.com, Inc.",517919,517
1505,0DDJ4Q-E,Motozuma LLC,517919,517
1506,06LP97-E,"ReCellular, Inc.",517919,517
1509,00DKHH-E,Rock City Apps LLC,517919,517
1515,00F66C-E,"Seelio, Inc.",517919,517
1518,063CCL-E,Sircon Corp.,517919,517
1519,00DSP4-E,Varsity News Network LLC,517919,517
1520,05M8GJ-E,"XanEdu Publishing, Inc.",517919,517
1521,07P22T-E,"Cu Answers, Inc.",518210,518
1526,05KXNK-E,Environmental Research Institute of Michigan,518210,518
1528,07Y4BW-E,"Kent Record Management, Inc.",518210,518
1529,68401U10,OptimizeRx Corporation,518210,518
1533,07S1CB-E,Radley Corp.,518210,518
1534,0CQ7BY-E,"RevSpring, Inc.",518210,518
1539,87162H10,"Syntel, incorporated",518210,518
1547,000R3D-E,TechTeam Global Inc.,518210,518
1548,07WZHV-E,"User Friendly Consulting, Inc.",518210,518
1551,07ZD1J-E,Genesee District Library,519120,519
1552,072R6C-E,Troy Public Library,519120,519
1553,00D83N-E,Are You a Human LLC,519130,519
1556,069WBR-E,Detroit Legal News Publishing LLC,519130,519
1557,07V5Q3-E,Monroe Publishing Co.,519130,519
1558,00FNV6-E,"Pinoccio, Inc.",519130,519
1560,07BWGQ-E,Tata Technologies Ltd.,519130,519
1562,92936010,"WWA Group, Inc.",519130,519
1564,0BBFZD-E,"Logicalis Us Holdings, Inc.",519190,519
1565,00DW6T-E,Quikly LLC,519190,519
1569,0B38QV-E,Ann Arbor State Bank (Michigan),522110,522
1570,0CHBN9-E,Bank of Birmingham (Michigan),522110,522
1573,073GXX-E,Bank of Michigan,522110,522
1574,06Q7NY-E,Capitol National Bank,522110,522
1575,084LZ6-E,"Century Bank & Trust (Coldwater, Michigan)",522110,522
1585,05KG9X-E,Chelsea State Bank,522110,522
1594,06PFDY-E,Chemical Bank,522110,522
1610,06VXPQ-E,ChoiceOne Bank,522110,522
1626,005QGT-E,Citizens National Bank of Cheboygan,522110,522
1633,06RHGG-E,Clarkston State Bank,522110,522
1638,06VKQ7-E,Community Shores Bank,522110,522
1644,05X6CW-E,Crestmark Bank,522110,522
1648,060M64-E,Dart Bank,522110,522
1655,06PWH9-E,Eastern Michigan Bank,522110,522
1665,07RPZ0-E,Edgewater Bank,522110,522
1672,06VB92-E,First National Bank in Howell (Michigan),522110,522
1680,084ZPT-E,Firstbank,522110,522
1682,07ZVYG-E,Grand River Bank,522110,522
1690,06VG0B-E,Hantz Bank,522110,522
1693,07C0G2-E,"Independent Bank (Ionia, Michigan)",522110,522
1696,06STBL-E,Isabella Bank,522110,522
1709,085S6R-E,"Kalamazoo County State Bank, Inc.",522110,522
1710,06PTZQ-E,Keystone Community Bank,522110,522
1713,005R7Q-E,Lapeer County Bank & Trust Co.,522110,522
1721,07N2B7-E,Level One Bank,522110,522
1723,0788F5-E,Livingston Community Bank,522110,522
1726,06S64S-E,Macatawa Bank,522110,522
1738,06VS72-E,mBank,522110,522
1747,06SC5S-E,Mercantile Bank of Michigan,522110,522
1757,06VY78-E,Monarch Community Bank,522110,522
1764,002XN3-E,Pavilion Bancorp Inc Com,522110,522
1765,84336P10,"Southern Michigan Bancorp, Inc.",522110,522
1776,05LMK6-E,Southern Michigan Bank & Trust,522110,522
1786,87482X10,"Talmer Bancorp, Inc. Class A",522110,522
1800,07D08Y-E,Talmer Bank and Trust,522110,522
1813,06Q8M3-E,Talmer West Bank,522110,522
1814,005RNC-E,"The State Bank (Fenton, Michigan)",522110,522
1823,07R9YK-E,Traverse City State Bank,522110,522
1824,91409010,"University Bancorp, Inc.",522110,522
1830,06W4QB-E,"University Bank (Ann Arbor, Michigan)",522110,522
1831,0CZBXF-E,West Shore Bank,522110,522
1832,97788010,"Wolverine Bancorp, Inc.",522110,522
1839,0CMDPT-E,First Federal of Northern Michigan,522120,522
1845,32021X10,"First Federal Of Northern Michigan Bancorp, Inc.",522120,522
1853,06NHV4-E,"Flagstar Bank, FSB",522120,522
1864,05S3DY-E,Sturgis Bank & Trust Co.,522120,522
1869,07P6MX-E,Dow Chemical Employees' Credit Union,522130,522
1870,07PN7S-E,Michigan State University Federal Credit Union,522130,522
1871,02005N10,Ally Financial Inc,522220,522
1880,000DQ5-E,Chrysler Financial Corp.,522220,522
1882,22531010,Credit Acceptance Corporation,522220,522
1886,000KN5-E,Ford Motor Credit Company,522220,522
1894,05L911-E,"Signature Financial Group, Inc.",522220,522
1895,064HJK-E,Ally Commercial Finance LLC,522291,522
1898,063YG2-E,DFCU Financial Group LLC,522291,522
1908,06MKCJ-E,"Midwest Loan Services, Inc.",522292,522
1909,064KP3-E,Crawford & Winiarski Financial Consulting LLC,522293,522
1910,0876NL-E,"Gold Star Mortgage Financial Group, Inc.",522310,522
1911,064K04-E,GreenStone Farm Credit Services,522310,522
1933,07ZQGN-E,MVB Mortgage Corp.,522310,522
1934,07X7T6-E,"Shore Financial Services, Inc.",522310,522
1935,00F69K-E,"Protean Payment, Inc.",522320,522
1937,07W9SB-E,"R-B Financial/Mortgages, Inc.",522390,522
1938,060551-E,Amherst Partners LLC,523110,523
1940,07R81P-E,Multi-Bank Services Ltd.,523120,523
1942,07XB2J-E,Bond Corp.,523920,523
1943,00101H-E,"Keyco Bond Fund, Inc.",523920,523
1947,0CJFFP-E,"Auto Club Trust, FSB",523930,523
1948,0CMQFQ-E,Azaz Capital Corp.,523930,523
1949,006CNQ-E,P&M Corporate Finance LLC,523930,523
1950,003M0H-E,Greenleaf Trust,523991,523
1952,05MKJS-E,Accelerator Group LLC,523999,523
1955,06HW7N-E,Ann Arbor Spark Business Accelerator,523999,523
1958,07KCTT-E,Asset Acceptance LLC,523999,523
1959,05V7SX-E,"Beringea, Inc.",523999,523
1961,40432Y10,HPIL Holding,523999,523
1964,067Q0C-E,"Michigan Holdings, Inc.",523999,523
1968,06YWVY-E,Michigan Venture Capital Association,523999,523
1975,00CQP6-E,"PDK Energy, Inc.",523999,523
1976,06BG5G-E,RDV Corp.,523999,523
1977,06FVQH-E,Ross Learning LLC /Management/,523999,523
1978,80011110,Sandston Corporation,523999,523
1980,0CZ3DZ-E,Start Garden LLC,523999,523
1981,06QBBR-E,The Oxford Investment Group,523999,523
1982,90255710,"UAN Cultural & Creative Co., Ltd.",523999,523
1984,90255W10,UAN Power Corp.,523999,523
1987,064CCG-E,Auto-Owners Insurance Group,524113,524
1988,064CGK-E,Blue Care Network of Michigan,524114,524
2004,05KWFB-E,"Delta Dental, Inc.",524114,524
2006,05X0DV-E,"Great Lakes Health Plan, Inc.",524114,524
2015,064MXM-E,Health Alliance Plan of Michigan,524114,524
2034,06XHRD-E,American Road Insurance Co.,524126,524
2035,06GHL7-E,Amerisure Insurance Co.,524126,524
2036,05L4BS-E,Amerisure Mutual Insurance Company,524126,524
2047,06NK46-E,Auto Club Insurance Association,524126,524
2048,05GPYL-E,Dorinco Reinsurance Co.,524126,524
2053,06P2KN-E,Fremont Insurance Co.,524126,524
2058,005FF0-E,Fremont Mich Insuracorp Inc Cl A,524126,524
2065,064L7R-E,Hastings Mutual Insurance Co.,524126,524
2072,06P4YS-E,Home-Owners Insurance Co.,524126,524
2073,58319P10,"Meadowbrook Insurance Group, Inc.",524126,524
2082,06NK2S-E,North Pointe Insurance Co.,524126,524
2084,06S7PN-E,Star Insurance Co.,524126,524
2089,064B66-E,Wolverine Mutual Insurance Co.,524126,524
2090,063PPM-E,Accident Fund Insurance Co. of America,524128,524
2101,05LL41-E,"Meadowbrook, Inc.",524128,524
2104,00CD34-E,Acrisure LLC,524210,524
2105,05GPX8-E,"Amerisure, Inc.",524210,524
2109,06VXX7-E,"ChoiceOne Insurance Agencies, Inc.",524210,524
2111,07T6LR-E,"Comprehensive Planning, Inc.",524210,524
2112,06KQ7C-E,"FinCor Holdings, Inc.",524210,524
2120,0013VJ-E,First Mercury Financial,524210,524
2126,000NGQ-E,"H.W. Kaufman Financial Group, Inc.",524210,524
2127,003WXK-E,Professionals Direct Inc Com,524210,524
2134,05MFR6-E,Reassure America Life Insurance Co.,524210,524
2135,00388B-E,Regents of The University of Michigan,524292,524
2136,06TX4R-E,North Pointe Casualty Insurance Co.,524298,524
2138,06TX4J-E,"North Pointe Financial Services, Inc.",524298,524
2140,0657TQ-E,The Campbell Group,524298,524
2142,07S217-E,Bronson Properties Corp.,531120,531
2144,849210,Agree Realty Corporation,531190,531
2151,44041U10,"Horizon Group Properties, Inc.",531190,531
2155,7E+212,"Origen Financial, Inc.",531190,531
2160,75145220,Ramco-Gershenson Properties Trust,531190,531
2167,87666410,"Taubman Centers, Inc.",531190,531
2174,071C8F-E,Audia Group,531210,531
2175,07Y5CD-E,Greater Lansing Association of REALTORS,531210,531
2190,009P71-E,"HBB, Inc.",531210,531
2191,0085BV-E,Kojaian Management Corp.,531210,531
2192,0CW337-E,Offsite LLC,531210,531
2193,07SBKZ-E,Redico LLC,531210,531
2195,0D27SV-E,Marketplace Housing LLC,531311,531
2196,74325P10,"ProGreen Properties, Inc.",531311,531
2199,86667410,"Sun Communities, Inc.",531390,531
2205,05NDCP-E,Honigman Miller Schwartz & Cohn LLP,541110,541
2206,05LMCZ-E,"Miller, Canfield, Paddock and Stone, P.L.C.",541110,541
2207,05WQZM-E,The Rehmann Group LLC,541211,541
2208,09HZRS-E,"Burroughs, Inc.",541214,541
2209,064Q9P-E,"The Ideal Group, Inc.",541310,541
2210,07ZQJB-E,"Tomblinson Harburn Associates Architects & Planners, Inc.",541310,541
2211,07P37F-E,"Burtek, Inc.",541330,541
2213,066QHV-E,"Commonwealth Associates, Inc.",541330,541
2216,07XGWP-E,Dakkota Integrated Systems LLC,541330,541
2218,081KTL-E,"DGE, Inc.",541330,541
2219,0C6S3Q-E,"Great Lakes Sound & Vibration, Inc.",541330,541
2220,07YKSF-E,"KI Technologies, Inc.",541330,541
2221,075Z1H-E,Michigan Aerospace Corp.,541330,541
2222,07JMFW-E,"Mindware Engineering, Inc.",541330,541
2224,07R0MP-E,"Orchard, Hiltz & Mccliment, Inc.",541330,541
2228,05L996-E,"Smithgroup Companies, Inc.",541330,541
2231,07ZM18-E,Structuretec Engineering Corp.,541330,541
2232,0BZ2Q0-E,"Advanced Technologies of Michigan, Inc.",541380,541
2233,06SGRJ-E,"ApoLife, Inc.",541380,541
2234,005P3W-E,"Rubicon Genomics, Inc.",541380,541
2237,07QRPN-E,"Progressive Architecture Engineering Planning, Inc.",541410,541
2238,009BKH-E,Visioneering Inc,541420,541
2242,063XFS-E,"CareTech Solutions, Inc.",541511,541
2247,05QKK9-E,Centromine,541511,541
2248,063K47-E,"CogniTens, Inc.",541511,541
2251,00DG8S-E,"DeepField Networks, Inc.",541511,541
2252,0B62GP-E,"Emergtech Business Solutions, Inc.",541511,541
2253,070X67-E,"GDI Infotech, Inc.",541511,541
2257,06L2ZR-E,"Janeeva, Inc.",541511,541
2262,0652V8-E,Percepta LLC,541511,541
2263,0C322H-E,Quantum Signal LLC,541511,541
2265,08462Y-E,"Vision Tech Solutions, Inc.",541511,541
2266,07WYTX-E,"Azure Solutions, Inc.",541512,541
2267,0CSG37-E,"Esi US, Inc.",541512,541
2268,07YKM2-E,"Konnech, Inc.",541512,541
2270,0013JY-E,"Mechanical Dynamics, Inc.",541512,541
2271,072RN1-E,"Advanced Technology Group USA, Inc.",541519,541
2272,0D0HF0-E,"Agri-Tech Systems, Inc.",541519,541
2273,22357R10,Covisint Corp.,541519,541
2280,06ZNVJ-E,E-IT Professionals Corp.,541519,541
2282,06ZYPC-E,"Open Systems Technologies, Inc.",541519,541
2283,05LCMS-E,BBK Ltd.,541611,541
2285,07X5Y5-E,Christian Schools International,541611,541
2286,083HYT-E,"Conway Mackenzie, Inc.",541611,541
2289,06RYRC-E,"Knight Facilities Management, Inc.",541611,541
2290,06SGDP-E,"Netlink Software Group America, Inc.",541611,541
2291,07PFZZ-E,"Program Planning Professionals, Inc.",541611,541
2299,00D022-E,"Task Technologies, Inc.",541611,541
2303,05ML2D-E,"AlixPartners, LLP",541613,541
2317,06G0FF-E,"GIB, Inc.",541613,541
2318,05R9D4-E,"HelloWorld, Inc.",541613,541
2323,063SXT-E,"Market Strategies, Inc.",541613,541
2325,07ZKNM-E,"R.J. Conlin, Inc.",541613,541
2326,07Z203-E,Smercina Charitable Partners LLC,541613,541
2327,0794L9-E,Gavilon Holdings LLC,541614,541
2331,00CNRP-E,LINC Logistics Co.,541614,541
2334,07PFGX-E,Logistics Insight Corp.,541614,541
2335,05ZNS3-E,"XPO Express, Inc.",541614,541
2336,064CY3-E,"Avenir Group, Inc.",541618,541
2337,05L5JJ-E,"Orr & Boss, Inc.",541618,541
2339,0816HC-E,"Santa Rosa Consulting, Inc.",541618,541
2342,06SLBZ-E,The Core Technology Alliance Corp.,541618,541
2343,064WWX-E,Trinity Health International,541618,541
2347,07SWPQ-E,"Great Lakes Environmental Center, Inc.",541620,541
2348,0DB7L9-E,Lenawee Economic Development Corp.,541690,541
2349,0CFVK8-E,Michigan Tech Enterprise Corp.,541690,541
2350,07Z41P-E,Omni Tech International Ltd.,541690,541
2351,07B261-E,"Jasper Clinical Research & Development, Inc.",541711,541
2352,00C628-E,"RealBio Technology, Inc.",541711,541
2357,00FLJ5-E,Tetra Discovery Partners LLC,541711,541
2359,0C67PQ-E,"Altair ProductDesign, Inc.",541712,541
2362,06XPY7-E,Ash Stevens Inc.,541712,541
2363,00DMM4-E,"Axonia Medical, Inc.",541712,541
2366,07KYJ3-E,"Fraunhofer USA, Inc.",541712,541
2377,0C69JG-E,Michigan Tech Research Institute,541712,541
2379,07D9PH-E,"Molecular Imaging, Inc.",541712,541
2383,05LQKT-E,"NovoDynamics, Inc.",541712,541
2389,0792SJ-E,"Tolera Therapeutics, Inc.",541712,541
2393,06SCGG-E,Van Andel Institute,541712,541
2399,98978N10,"Zivo Bioscience, Inc.",541712,541
2404,05FLHH-E,"John E. Fetzer Institute, Inc.",541720,541
2414,0B60ZD-E,Western Michigan University School of Medicine,541720,541
2416,063W1L-E,Campbell-Ewald Co.,541810,541
2417,007ND8-E,"FUSE Communication, Inc.",541810,541
2418,064HHL-E,"GlobalHue, Inc.",541810,541
2420,000Y8L-E,"Valassis Communications, Inc.",541860,541
2423,07VTH2-E,"Armstrong White, Inc.",541890,541
2424,064G2T-E,"ForeSee Results, Inc.",541910,541
2430,09ZDPR-E,"Michigan Future, Inc.",541910,541
2431,06MLKF-E,Moore & Associates,541910,541
2432,0646ZX-E,Morpace Inc.,541910,541
2433,07KC13-E,Traffic Improvement Association of Oakland County,541910,541
2434,0CJYGJ-E,General Dynamics Support Services Co.,541990,541
2435,16373110,Chemical Financial Corporation,551111,551
2447,17038610,"ChoiceOne Financial Services, Inc.",551111,551
2458,0CCLZ5-E,"Citizens Bancshares, Inc. (Michigan)",551111,551
2459,12613T10,CNB Corporation,551111,551
2471,20404610,Community Shores Bank Corporation,551111,551
2476,008LJ9-E,"Crestmark Bancorp, Inc.",551111,551
2480,28027J10,"Edgewater Bancorp, Inc.",551111,551
2486,31464510,"Fentura Financial, Inc.",551111,551
2495,33793070,"Flagstar Bancorp, Inc.",551111,551
2503,30252820,"FNBH Bancorp, Inc.",551111,551
2509,38644110,"Grand River Commerce, Inc.",551111,551
2517,40413110,HCB Financial Corp.,551111,551
2524,45383860,Independent Bank Corporation,551111,551
2533,46421410,Isabella Bank Corporation,551111,551
2542,06LYHB-E,"Lotus Bancorp, Inc",551111,551
2560,55422510,Macatawa Bank Corporation,551111,551
2570,55457110,Mackinac Financial Corporation,551111,551
2579,57887710,MBT Financial Corp.,551111,551
2586,58737610,Mercantile Bank Corporation,551111,551
2591,60904520,"Monarch Community Bancorp, Inc.",551111,551
2598,86408710,"Sturgis Bancorp, Inc.",551111,551
2603,06VG7H-E,West Michigan Community Bank,551111,551
2604,0093Q3-E,"Actavision Ventures, Inc.",551112,551
2615,06625N-E,Affinia Group Intermediate H,551112,551
2620,0C91WZ-E,ARCH Global Precision LLC,551112,551
2621,0721Z6-E,Trelleborg Corp.,551112,551
2624,20594410,Con-way Inc.,561110,561
2634,07RBKN-E,"Building Technology Associates, Inc.",561210,561
2635,0B14WP-E,Abacus Service Corp.,561311,561
2636,48815220,"Kelly Services, Inc. Class A",561311,561
2646,05KR9D-E,"The Bartech Group, Inc.",561311,561
2648,05NLG2-E,"Holding Group, Inc.",561312,561
2649,0DBCRP-E,Syncreon Holdings Ltd.,561312,561
2650,07LJCR-E,"Syncreon.US, Inc.",561312,561
2659,075Z45-E,"Leader Dogs For The Blind, Inc.",561320,561
2694,AACC-US,Asset Acceptance Capital Corp.,561440,561
2696,09L0PQ-E,3D Biomatrix LLC,561499,561
2697,00CDGT-E,"Accio Energy, Inc.",561499,561
2702,06RW1B-E,Ann Arbor IT Zone,561499,561
2705,083K8X-E,Detroit Hispanic Development Corp.,561499,561
2706,0C0W3X-E,"Estrakon, Inc.",561499,561
2707,07CTLY-E,"MarketLab, Inc.",561499,561
2708,00DHQZ-E,Own Point of Sale Corp.,561499,561
2711,064KH2-E,RGIS LLC,561499,561
2713,07LRJV-E,River Star LLC,561499,561
2715,07TG70-E,"Systems Technology International, Inc.",561499,561
2716,05KR0B-E,The Automotive Industry Action Group,561499,561
2719,06TL2D-E,"Translume, Inc.",561499,561
2722,06G0FY-E,VHS Group LLC,561499,561
2723,00DL2G-E,Auto-Lab LLC,561613,561
2729,06HZTS-E,"Alliance Security Network, Inc.",561621,561
2730,07WVPP-E,"Central Alarm Signal, Inc.",561621,561
2731,00CRGY-E,"Duo Security, Inc.",561621,561
2733,069XPS-E,"Ensure Technologies, Inc.",561621,561
2734,0773HS-E,"iSekurity, Inc.",561621,561
2735,0712TX-E,"Safety Technology International, Inc.",561621,561
2737,080SVR-E,"24/7/365, Inc.",561720,561
2738,07ZC3C-E,The Paslin Co.,561790,561
2739,0CNVJ8-E,MSR Industrial Services LLC,561990,561
2741,07W2J2-E,The Convention & Vistors Bureau,561990,561
2742,075SGW-E,Huron Valley Steel Corporation,562111,562
2743,07RLWL-E,"MPS Group, Inc. (Michigan)",562211,562
2745,07S55W-E,Kelley Dewatering & Construction Co.,562910,562
2746,00C9SJ-E,Algal Scientific Corp.,562998,562
2750,07N96N-E,Greater Detroit Resource Recovery Authority,562998,562
2756,46639B10,"JPX Global, Inc.",562998,562
2757,06J0JF-E,Academy of the Sacred Heart,611110,611
2759,06S4C3-E,Fusion Education Group,611110,611
2760,067917-E,Interlochen Center for the Arts,611110,611
2762,07QHZK-E,"Kipp, Inc.",611110,611
2764,09QLVR-E,Rainbow Early Education Holding LLC,611110,611
2766,07QPL8-E,University of Detroit Jesuit High School & Academy,611110,611
2767,0CWGW8-E,Delta College Foundation,611210,611
2768,06SCJ9-E,"Davenport Educational System, Inc.",611310,611
2769,06J1S9-E,Ross Education LLC,611410,611
2772,088GRH-E,Bizdom,611430,611
2775,064R98-E,"Human Synergistics, Inc.",611430,611
2776,07VTP1-E,American Board of Emergency Medicine,611699,611
2777,0CXMXL-E,World Affairs Council of Western Michigan,611699,611
2778,07Y9NB-E,Education & Training Connection,611710,611
2782,067JLF-E,American Laser Centers LLC,621111,621
2784,07R3SD-E,Baldwin Family Health Care,621111,621
2793,06W2TN-E,Lenawee Health Alliance,621111,621
2795,06CRCH-E,Michigan Hospitalists PC,621111,621
2796,07TNB0-E,"West Michigan Cancer Center, Inc.",621111,621
2798,0CLYZ4-E,"Truven Health Analytics, Inc.",621399,621
2803,05KWK2-E,Detroit Medical Center,621491,621
2809,0CZ13Q-E,"Michigan Rehabilitation Specialists, Inc.",621498,621
2810,00BCBQ-E,"Armune BioScience, Inc.",621511,621
2813,0CJDVP-E,"Oxus America, Inc.",621511,621
2814,00CLRY-E,"Delphinus Medical Technologies, Inc.",621512,621
2819,0082PG-E,"Gema Diagnostics, Inc.",621512,621
2822,0C2MTF-E,"Magnetic Resonance Innovations, Inc.",621512,621
2826,0BZ0BH-E,"OcuSciences, Inc.",621512,621
2827,00C4FS-E,"Ultrasound Medical Devices, Inc.",621512,621
2830,00B4D3-E,"American BioCare, Inc.",621610,621
2834,0704ZR-E,"Great Lakes Home Health Services, Inc.",621610,621
2835,084N4W-E,"West Michigan Air Care, Inc.",621910,621
2837,07CBXB-E,BNN Holdings Corp.,621999,621
2839,06WB9Y-E,"Business Health Services, Inc.",621999,621
2841,064L8Y-E,Crittenton Hospital Medical Center (Michigan),621999,621
2857,07XYKH-E,Marquette Medical-Dental Center Corp.,621999,621
2858,06R5CH-E,Michigan Health & Hospital Association,621999,621
2863,05YXZN-E,Battle Creek Health System,622110,622
2877,0643QL-E,Bay Regional Medical Center,622110,622
2887,064HY8-E,Bronson Methodist Hospital,622110,622
2888,07PQR4-E,Carson City Hospital,622110,622
2895,06428S-E,Children's Hospital of Michigan,622110,622
2896,07P59Z-E,Clinton Memorial Hospital,622110,622
2897,064HRW-E,Hackley Hospital,622110,622
2914,07Q3F9-E,Hills & Dales General Hospital,622110,622
2923,064Q00-E,Holland Hospital,622110,622
2939,07P8GD-E,Huron Memorial Hospital,622110,622
2950,07R1Y0-E,"Integrated Health Associates, Inc.",622110,622
2969,080MVJ-E,McLaren Regional Medical Center,622110,622
2970,07PF98-E,North Ottawa Community Hospital,622110,622
2985,06XYGS-E,POH Regional Medical Center,622110,622
2994,0655NN-E,Providence Hospital & Medical Centers,622110,622
2996,07Q6KM-E,"Scheurer Hospital, Inc.",622110,622
2997,080FZ2-E,"Spectrum Health Hospitals, Inc.",622110,622
2998,0652R4-E,St. John Oakland Hospital,622110,622
2999,05LC20-E,Trinity Health Corp.,622110,622
3005,07PR31-E,West Branch Regional Medical Center,622110,622
3007,07PBDL-E,"Lutheran Homes of Michigan, Inc.",623110,623
3008,09SP6F-E,Michigan University of School of Natural Resources & Environm,623110,623
3009,07P5GJ-E,Evangelical Homes of Michigan,623311,623
3011,07J9CQ-E,Boys & Girls Club of Lenawee,624110,624
3013,07WDN3-E,"Judson Center, Inc.",624110,624
3014,08682V-E,Arab Community Center for Economic & Social Services,624190,624
3015,070QGS-E,Bethany Christian Services,624190,624
3017,07TG1W-E,Covenant House Michigan,624190,624
3019,07V7CK-E,"Jewish Community Center of Metropolitan Detroit, Inc.",624190,624
3020,05L3DC-E,Lutheran Social Services of Michigan,624190,624
3032,07XMNL-E,"Michigan Protection & Advocacy Service, Inc.",624190,624
3033,0887SF-E,United Way of Midland County,624190,624
3037,07WV66-E,"Second Harvest Gleaners Food Bank of West Michigan, Inc.",624210,624
3055,07Y7X1-E,"Guest House, Inc.",624229,624
3070,0707XH-E,Detroit Economic Growth Corp.,624310,624
3080,0728RH-E,Goodwill Industries of Greater Detroit,624310,624
3083,07Y6DT-E,"Grand Traverse Industries, Inc.",624310,624
3087,07R0T9-E,"New Horizons Rehabilitation Services, Inc.",624310,624
3088,0018V4-E,"Learning Care Group, Inc.",624410,624
3092,063YD3-E,"Detroit Tigers, Inc.",711211,711
3093,06VXVF-E,Greektown Casino LLC,713210,713
3096,09HRB1-E,Boys & Girls Club of Greater Flint,713940,713
3097,59000K30,Meritage Hospitality Group Inc.,721110,721
3102,007R99-E,"MGM Grand Detroit, Inc.",721110,721
3103,39248510,"Greektown Superholdings, Inc. Class A",721120,721
3110,77866T20,"Rotate Black, Inc.",721120,721
3113,25532M10,"Diversified Restaurant Holdings, Inc.",722211,722
3119,25754A20,"Domino's Pizza, Inc.",722211,722
3126,07X1JD-E,"Canteen Services, Inc.",722320,722
3128,06YM29-E,EMCON Technologies LLC,811112,811
3129,06CLYP-E,Android Industries LLC,811118,811
3130,060C6Z-E,"Moonlight Industries, Inc.",811121,811
3131,00F86L-E,"Fusion Coolant Systems, Inc.",811191,811
3136,07673P-E,Boys & Girls Republic,813410,813
3137,06JDBF-E,"General Motors Foundation, Inc.",813410,813
3140,0641SC-E,Michigan Economic Development Corp.,813910,813
3218,06Q8QY-E,"The National Association of Black Suppliers, Inc.",813910,813
3219,00CT0V-E,Name Not Available 1,Unavailable,Una
3220,0014NX-E,Name Not Available 2,Unavailable,Una
3221,0021L5-E,Name Not Available 3,Unavailable,Una
3222,2406110,Menlo Acquisition Corp.,Unavailable,Una
3232,07RDXQ-E,"New Dimension Holdings, Inc. (Michigan)",Unavailable,Una
