74586710,"['PulteGroup, Inc.']"
49302610,"['Keweenaw Land Association, Limited']"
23333110,['DTE Energy Company']
12589610,['CMS Energy Corporation']
46568510,['ITC Holdings Corp.']
39304L10,"['Cirque Energy, Inc.']"
58153110,"['Mckenzie Bay International, Ltd.']"
37045V10,['General Motors Company']
34537086,['Ford Motor Company']
26054310,['Dow Chemical Company']
96332010,['Whirlpool Corporation']
87264S10,['TRW Automotive Holdings Corp.']
52186520,['Lear Corporation']
48783610,['Kellogg Company']
86366710,['Stryker Corporation']
57459910,['Masco Corporation']
92839U20,['Visteon Corporation']
9972410,['BorgWarner Inc.']
31354940,['Federal-Mogul Holdings Corp']
59001K10,"['Meritor, Inc.']"
2406110,['Menlo Acquisition Corp.']
21676P10,['Cooper-Standard Holdings Inc.']
85815520,['Steelcase Inc. Class A']
92927K10,['WABCO Holdings Inc.']
97809710,"['Wolverine World Wide, Inc.']"
89182610,"['Tower International, Inc.']"
59116R10,"['Metaldyne Performance Group, Inc.']"
60054410,"['Herman Miller, Inc.']"
89621520,['TriMas Corporation']
50533610,['LaZBoy Incorporated']
37190110,['Gentex Corporation']
87889530,['Tecumseh Products Company']
37253A10,['Gentherm Incorporated']
77504310,['Rofin-Sinar Technologies Inc.']
84681910,"['Spartan Motors, Inc.']"
64049110,['Neogen Corporation']
4268220,['Arotech Corporation']
45685K10,"['InfuSystem Holdings, Inc.']"
31381910,['Federal Screw Works']
71361F10,"['Perceptron, Inc.']"
77437410,"['Rockwell Medical, Inc.']"
7.54E+109,"['Advanced Photonix, Inc.']"
28556010,['Electronic Cigarettes International Group Ltd.']
9777020,"['Bonal International, Inc.']"
09173J10,['Bitcoin Shop Inc']
29664W10,"['Esperion Therapeutics, Inc.']"
36848720,['GEI Global Energy Corp.']
84721510,['SpartanNash Company']
91354310,"['Universal Forest Products, Inc.']"
25456K10,"['Diplomat Pharmacy, Inc.']"
25068510,['Detrex Corporation']
70959W10,"['Penske Automotive Group, Inc.']"
57061T30,['Marketing Worldwide Corporation']
91388P10,"['Universal Truckload Services, Inc.']"
87162H10,"['Syntel, incorporated']"
20563810,['Compuware Corporation']
78659830,"['Saga Communications, Inc. Class A']"
68401U10,['OptimizeRx Corporation']
92936010,"['WWA Group, Inc.']"
77060910,['Robertson Global Health Solutions Corporation']
02005N10,['Ally Financial Inc']
58319P10,"['Meadowbrook Insurance Group, Inc.']"
22531010,['Credit Acceptance Corporation']
87482X10,"['Talmer Bancorp, Inc. Class A']"
91409010,"['University Bancorp, Inc.']"
84336P10,"['Southern Michigan Bancorp, Inc.']"
97788010,"['Wolverine Bancorp, Inc.']"
32021X10,"['First Federal Of Northern Michigan Bancorp, Inc.']"
90255W10,['UAN Power Corp.']
80011110,['Sandston Corporation']
90255710,"['UAN Cultural & Creative Co., Ltd.']"
40432Y10,['HPIL Holding']
87666410,"['Taubman Centers, Inc.']"
86667410,"['Sun Communities, Inc.']"
75145220,['Ramco-Gershenson Properties Trust']
6.86E+212,"['Origen Financial, Inc.']"
849210,['Agree Realty Corporation']
44041U10,"['Horizon Group Properties, Inc.']"
74325P10,"['ProGreen Properties, Inc.']"
22357R10,['Covisint Corp.']
98978N10,"['Zivo Bioscience, Inc.']"
33793070,"['Flagstar Bancorp, Inc.']"
16373110,['Chemical Financial Corporation']
45383860,['Independent Bank Corporation']
58737610,['Mercantile Bank Corporation']
46421410,['Isabella Bank Corporation']
55422510,['Macatawa Bank Corporation']
57887710,['MBT Financial Corp.']
55457110,['Mackinac Financial Corporation']
17038610,"['ChoiceOne Financial Services, Inc.']"
31464510,"['Fentura Financial, Inc.']"
86408710,"['Sturgis Bancorp, Inc.']"
30252820,"['FNBH Bancorp, Inc.']"
60904520,"['Monarch Community Bancorp, Inc.']"
12613T10,['CNB Corporation']
40413110,['HCB Financial Corp.']
20404610,['Community Shores Bank Corporation']
28027J10,"['Edgewater Bancorp, Inc.']"
38644110,"['Grand River Commerce, Inc.']"
20594410,['Con-way Inc.']
48815220,"['Kelly Services, Inc. Class A']"
46639B10,"['JPX Global, Inc.']"
25754A20,"[""Domino's Pizza, Inc.""]"
39248510,"['Greektown Superholdings, Inc. Class A']"
59000K30,['Meritage Hospitality Group Inc.']
25532M10,"['Diversified Restaurant Holdings, Inc.']"
77866T20,"['Rotate Black, Inc.']"
0085BV-E,['Kojaian Management Corp.']
001SVZ-E,"['CenTra, Inc.']"
07XPG8-E,"['Lite-On Automotive North America, Inc.']"
06Q3Z9-E,['Saturn Electronics Corp.']
07XMNL-E,"['Michigan Protection & Advocacy Service, Inc.']"
09SV3D-E,['General Chemical Corporation']
001X4S-E,['Bissell Inc.']
06CY41-E,['Kux Manufacturing Co.']
0025F3-E,"['Family Christian Stores, Inc.']"
0BZY5P-E,"['Godwin Plumbing, Inc.']"
08682V-E,['Arab Community Center for Economic & Social Services']
0641YS-E,"['Duro-Last Roofing, Inc.']"
073GB1-E,"['BRP Acquisition Group, Inc.']"
07QHZK-E,"['Kipp, Inc.']"
00C7S4-E,"['Everist Genomics, Inc.']"
000NGQ-E,"['H.W. Kaufman Financial Group, Inc.']"
06HZTS-E,"['Alliance Security Network, Inc.']"
05KWFB-E,"['Delta Dental, Inc.']"
0D27SV-E,['Marketplace Housing LLC']
073YW8-E,"['Silversmith, Inc.']"
071C8F-E,['Audia Group']
0073P6-E,['Tellurex Corp.']
06MLKF-E,['Moore & Associates']
09ZDPR-E,"['Michigan Future, Inc.']"
079MH2-E,['Davis Cartage Co.']
0D630K-E,"['Medbio, Inc.']"
0D0HF0-E,"['Agri-Tech Systems, Inc.']"
064752-E,"[""Cole's Quality Foods, Inc.""]"
06584H-E,['Christman Company']
0CFVK8-E,['Michigan Tech Enterprise Corp.']
00BSMX-E,['Klein Retail Centers Inc.']
0850MW-E,['C.C. Power LLC']
003M0H-E,['Greenleaf Trust']
064CY3-E,"['Avenir Group, Inc.']"
06T4MD-E,"['Engineered Machined Products, Inc.']"
06YZZV-E,"['Harding Energy, Inc.']"
002S4D-E,"['Haworth, Inc.']"
05M6BP-E,['Trilogy']
09YFWL-E,"['Life Magnetics, Inc.']"
06DYX9-E,['Star Cutter Co.']
0B01DK-E,"['Hayes Lemmerz, Inc.']"
06G0F6-E,"['BullsEye Telecom, Inc.']"
0664JQ-E,['Northern Star Broadcasting LLC']
08462Y-E,"['Vision Tech Solutions, Inc.']"
064JV0-E,['Hanson Logistics']
082MK3-E,['Schreiber Corp.']
05LWSW-E,['Allegra Network LLC']
05L67J-E,['Penske Transportation Components LLC']
080ZS0-E,"['SilkRoute Global, Inc.']"
072R6C-E,['Troy Public Library']
000PKB-E,"['Maxco, Inc.']"
004XRJ-E,['Whitesell International Corp.']
07WQVN-E,"['Applied Science, Inc.']"
060551-E,['Amherst Partners LLC']
06TYSL-E,"['Campfire Interactive, Inc.']"
079SN3-E,['Shape Corp.']
06NDYY-E,"['Landscape Forms, Inc.']"
06SCJ9-E,"['Davenport Educational System, Inc.']"
061GBR-E,"['RX Optical Laboratories, Inc.']"
005T51-E,['VTEC Technologies LLC']
07XKFD-E,['Dennen Steel Corp.']
064904-E,"['Art Van Furniture, Inc.']"
0645HV-E,['English Gardens']
06Z5TZ-E,['The Vintage Wine Co. Ltd.']
06VXBX-E,['Rima Manufacturing Co.']
07P52X-E,['Cherryland Electric Cooperative']
07XF54-E,"['National Industrial Supply Co., Inc.']"
07NFTB-E,['US Energia LLC']
064B45-E,"['MPI Research, Inc.']"
06QBBR-E,['The Oxford Investment Group']
074JF7-E,['Sturgis Improvement Association']
0B12N1-E,['Detroit International Bridge Co.']
07RLWL-E,"['MPS Group, Inc. (Michigan)']"
07NDB0-E,['Cadillac Coffee Co.']
06FVQH-E,['Ross Learning LLC /Management/']
008V4X-E,"['Ameriscape, Inc.']"
06NG05-E,['Nucraft Furniture Company']
0656J7-E,['Behler-Young Company']
07Z5KW-E,"['Trinity Holding, Inc. (Michigan)']"
05L911-E,"['Signature Financial Group, Inc.']"
05VGWG-E,"['Twinlab Holdings, Inc.']"
00125W-E,['Guardian Industries']
064CCG-E,['Auto-Owners Insurance Group']
05SJ80-E,['Altair Engineering Inc.']
07WDN3-E,"['Judson Center, Inc.']"
05NDCP-E,['Honigman Miller Schwartz & Cohn LLP']
07T6LR-E,"['Comprehensive Planning, Inc.']"
07WV66-E,"['Second Harvest Gleaners Food Bank of West Michigan, Inc.']"
05X9VT-E,['Alro Steel Corporation']
062Z7R-E,['Emerald BioAgriculture Corp.']
081LD7-E,['Inergy Automotive Systems (USA) LLC']
06R5CH-E,['Michigan Health & Hospital Association']
06VG7H-E,['West Michigan Community Bank']
064G97-E,['Cooperative Elevator Co.']
064KP3-E,['Crawford & Winiarski Financial Consulting LLC']
064L91-E,"['Haviland Enterprises, Inc.']"
06SCGG-E,['Van Andel Institute']
064R98-E,"['Human Synergistics, Inc.']"
06482M-E,['Besser Co.']
07YX9Y-E,['Irwin Seating Holding Co.']
05LMCZ-E,"['Miller, Canfield, Paddock and Stone, P.L.C.']"
06BG5G-E,['RDV Corp.']
070QGS-E,['Bethany Christian Services']
064H8W-E,['Reed City Power Line Supply Co.']
0653JK-E,['Star of the West Milling Company']
0B42T5-E,"['Falcon Road Maintenance Equipment, Inc.']"
0642CW-E,"['Walters-Dimmick Petroleum, Inc.']"
06CM6X-E,"['ICG Castings, Inc.']"
07QPL8-E,['University of Detroit Jesuit High School & Academy']
07PBDL-E,"['Lutheran Homes of Michigan, Inc.']"
06G0FY-E,['VHS Group LLC']
083K8X-E,['Detroit Hispanic Development Corp.']
07V7CK-E,"['Jewish Community Center of Metropolitan Detroit, Inc.']"
0707XH-E,['Detroit Economic Growth Corp.']
0CCLZ5-E,"['Citizens Bancshares, Inc. (Michigan)']"
07Q6KM-E,"['Scheurer Hospital, Inc.']"
0657TQ-E,['The Campbell Group']
064C1Y-E,"['Ovonyx, Inc.']"
008HBW-E,"['NanoMed Pharmaceuticals, Inc.']"
064J9T-E,"['Gospel Communications International, Inc.']"
06VL27-E,['Automatic Spring Products Corp.']
008NYL-E,"['Integrated Sensing Systems, Inc.']"
067Q0C-E,"['Michigan Holdings, Inc.']"
07PFG6-E,['Lotus International Co.']
0745FF-E,"['S 2 Yachts, Inc.']"
0CZ3DZ-E,['Start Garden LLC']
0646ZX-E,['Morpace Inc.']
061T6V-E,['Soave Enterprises L.L.C.']
06RYRC-E,"['Knight Facilities Management, Inc.']"
008H48-E,['Self-Guided Systems LLC']
064B66-E,['Wolverine Mutual Insurance Co.']
0D3Y0Q-E,"['Armstrong-Yoshitake, Inc.']"
064L7R-E,['Hastings Mutual Insurance Co.']
05L4BS-E,['Amerisure Mutual Insurance Company']
06HZQ8-E,"['ChriMar Systems, Inc.']"
008ZKF-E,"['Conceivex, Inc.']"
0655R2-E,['A.M. Todd Group Co.']
0644XL-E,['MNP Corporation']
06PMDZ-E,['Northern Lights Airlines Ltd.']
06TL2D-E,"['Translume, Inc.']"
009X0G-E,"['Arise Technologies, Inc.']"
06ZNVJ-E,['E-IT Professionals Corp.']
06ZWQL-E,"['H2H Solutions, Inc.']"
070MWF-E,"['TWO Men and A Truck/International, Inc.']"
06XPY7-E,['Ash Stevens Inc.']
085S6R-E,"['Kalamazoo County State Bank, Inc.']"
072RN1-E,"['Advanced Technology Group USA, Inc.']"
063CK1-E,['Progressive Dynamics Inc.']
006CNQ-E,['P&M Corporate Finance LLC']
05L77C-E,"['Pressure Vessel Service, Inc.']"
07SGMH-E,"['Gibbs Sports Amphibians, Inc.']"
0D9FFB-E,['GFM Corp.']
06NCDM-E,"['Harbor Industries, Inc.']"
075Z1H-E,['Michigan Aerospace Corp.']
075SGW-E,['Huron Valley Steel Corporation']
07P293-E,"['Beachlawn, Inc.']"
07X5Y5-E,['Christian Schools International']
07W2J2-E,['The Convention & Vistors Bureau']
05L4MD-E,['Van Kampen Group']
084N4W-E,"['West Michigan Air Care, Inc.']"
07TNB0-E,"['West Michigan Cancer Center, Inc.']"
07B20M-E,['Michigan High Throughput Screening Center']
064PYJ-E,"['Roush Enterprises, Inc.']"
07CCZQ-E,"['Allied Photochemical, Inc.']"
06SGDP-E,"['Netlink Software Group America, Inc.']"
06ZYPC-E,"['Open Systems Technologies, Inc.']"
070X67-E,"['GDI Infotech, Inc.']"
06L8F3-E,['ESCO Co. LLP']
07RDXQ-E,"['New Dimension Holdings, Inc. (Michigan)']"
060KKJ-E,['United Distribution Group LLC']
05WQZM-E,['The Rehmann Group LLC']
064X89-E,['Peterson American Corp.']
05T10Q-E,['Computech Corp.']
07KC13-E,['Traffic Improvement Association of Oakland County']
06SLBZ-E,['The Core Technology Alliance Corp.']
088GRH-E,['Bizdom']
008KMZ-E,['Liberty Renewable Fuels LLC']
00CV64-E,"['Prism Analytical Technologies, Inc.']"
009P71-E,"['HBB, Inc.']"
064HHL-E,"['GlobalHue, Inc.']"
063YG2-E,['DFCU Financial Group LLC']
064Q00-E,['Holland Hospital']
07LRJV-E,['River Star LLC']
067917-E,['Interlochen Center for the Arts']
07QDM6-E,['J&H Oil Co.']
07P9B8-E,"['Hamilton Farm Bureau Cooperative, Inc.']"
0713PT-E,['Three Rivers Corp.']
05L3DC-E,['Lutheran Social Services of Michigan']
07PFZZ-E,"['Program Planning Professionals, Inc.']"
05FLHH-E,"['John E. Fetzer Institute, Inc.']"
07PF98-E,['North Ottawa Community Hospital']
07G0Z4-E,['Midwest Energy Cooperative']
075NYZ-E,['Michigan South Central Power Agency']
07PQR4-E,['Carson City Hospital']
07PR31-E,['West Branch Regional Medical Center']
07PQ0Y-E,"['Woods Construction, Inc.']"
0644JJ-E,['Miracle Software Systems Inc.']
07P1D0-E,['Brown-Campbell Co.']
07P5GJ-E,['Evangelical Homes of Michigan']
07P8GD-E,['Huron Memorial Hospital']
07NQ3S-E,['Bacco Construction Co.']
07MWZV-E,['Douglas Steel Fabricating Corp.']
07P2RZ-E,['Atlas Oil Co.']
07P22T-E,"['Cu Answers, Inc.']"
07PCRC-E,"['Milbocker & Sons, Inc.']"
07P8C3-E,"['Fremont Cooperative Produce Co., Inc.']"
07Q6N0-E,"['Bilt-Rite Construction, Inc.']"
00101H-E,"['Keyco Bond Fund, Inc.']"
07R3SD-E,['Baldwin Family Health Care']
07R44G-E,"['Acoustic Ceiling & Partition Co., Inc.']"
07RLDQ-E,"['Variety Foodservices, Inc.']"
0CXMXL-E,['World Affairs Council of Western Michigan']
07PB3N-E,"['Leidal & Hart Mason Contractors, Inc.']"
07QP87-E,"['Alco Transportation, Inc.']"
0643BQ-E,['Fabri-Kal Corporation']
086B37-E,['American Mitsuba Corp.']
07W3V3-E,['PRA Co.']
0654R5-E,"['The TM Group, Inc.']"
07RBKN-E,"['Building Technology Associates, Inc.']"
07PH19-E,"['Pat Milliken Ford, Inc.']"
007ND8-E,"['FUSE Communication, Inc.']"
07V5Q3-E,['Monroe Publishing Co.']
07S1CB-E,['Radley Corp.']
07SWPQ-E,"['Great Lakes Environmental Center, Inc.']"
07VQ01-E,"['McGowan Electric Supply, Inc.']"
07ST18-E,"['Profile Manufacturing, Inc.']"
07TG70-E,"['Systems Technology International, Inc.']"
07PFGX-E,['Logistics Insight Corp.']
0CSG37-E,"['Esi US, Inc.']"
07WLLL-E,"['Exotic Granite & Marble, Inc.']"
0CP4LK-E,['Naturipe Foods LLC']
07VGV1-E,"['Crittenden Construction Co., Inc.']"
0B18R8-E,"['Fairlane Tool Co., Inc.']"
07XT4F-E,"['Concept Fastners, Inc.']"
07V2ZF-E,"['Northfield Manufacturing, Inc.']"
07ZQGN-E,['MVB Mortgage Corp.']
07TZGJ-E,"['Universal Coating, Inc.']"
07S55W-E,['Kelley Dewatering & Construction Co.']
06TLT6-E,['Harvey Industries LLC']
07QRPN-E,"['Progressive Architecture Engineering Planning, Inc.']"
0B62GP-E,"['Emergtech Business Solutions, Inc.']"
07ZM18-E,['Structuretec Engineering Corp.']
05VGR0-E,['Cignet LLC']
07QTXT-E,"['Fab Masters Co., Inc.']"
07ZD1J-E,['Genesee District Library']
07XRYC-E,"['General Machine Service, Inc.']"
07Y4BW-E,"['Kent Record Management, Inc.']"
07SSY0-E,"['EW Kitchens, Inc.']"
00CT0V-E,[nan]
07XYKH-E,['Marquette Medical-Dental Center Corp.']
07ZQJB-E,"['Tomblinson Harburn Associates Architects & Planners, Inc.']"
07XV2G-E,"['Colombo Sales & Engineering, Inc.']"
07Z41P-E,['Omni Tech International Ltd.']
07ZKNM-E,"['R.J. Conlin, Inc.']"
07WVPP-E,"['Central Alarm Signal, Inc.']"
07W9SB-E,"['R-B Financial/Mortgages, Inc.']"
07WSQM-E,['Abbott K. Shlain Co.']
07X7T6-E,"['Shore Financial Services, Inc.']"
0773HS-E,"['iSekurity, Inc.']"
07Z73F-E,"['Knape Industries, Inc.']"
07X2G6-E,"['Chris-Co., Inc.']"
080SVR-E,"['24/7/365, Inc.']"
07WYTX-E,"['Azure Solutions, Inc.']"
07Y5RP-E,"['Gunnell, Inc.']"
07T0QQ-E,"['Welch Aviation, Inc.']"
07YKSF-E,"['KI Technologies, Inc.']"
07Q03K-E,"[""Goodrich's Spartan Shop-Rite Market, Inc.""]"
0CWGW8-E,['Delta College Foundation']
07Y63V-E,"['Jamison Industries, Inc.']"
07W91Z-E,['RS Technologies Ltd.']
07X446-E,['Beel Automotive LLC']
07X6GF-E,"['Reliance Electric Machine Co., Inc.']"
07ZMQC-E,"['S&V Technologies, Inc.']"
07XB2J-E,['Bond Corp.']
008NVR-E,['Great Lakes Laser Services LP']
07Y6PH-E,"['Escanaba Furniture, Inc.']"
07R0T9-E,"['New Horizons Rehabilitation Services, Inc.']"
0CW337-E,['Offsite LLC']
083DD5-E,"['Hino Motors Sales USA, Inc.']"
0C6S3Q-E,"['Great Lakes Sound & Vibration, Inc.']"
07VTH2-E,"['Armstrong White, Inc.']"
06SGRJ-E,"['ApoLife, Inc.']"
07VJTP-E,"['Litex, Inc.']"
07XG1K-E,['Chem Trend Holding LP']
06GMSH-E,"['Performance Fabrics, Inc.']"
070HCK-E,['Amneon Furniture LLC']
0C6F3G-E,"['Laramie, Inc.']"
064Q9P-E,"['The Ideal Group, Inc.']"
0B14WP-E,['Abacus Service Corp.']
0093DM-E,"['GANTEC, Inc.']"
07PN7S-E,['Michigan State University Federal Credit Union']
07Y638-E,"['Phillips Service Industries, Inc.']"
0DB7L9-E,['Lenawee Economic Development Corp.']
07QZJ7-E,['Corrigan Moving & Storage Co.']
0876NL-E,"['Gold Star Mortgage Financial Group, Inc.']"
07PBGZ-E,"['Lafontaine Global Vehicles, Inc.']"
07VTP1-E,['American Board of Emergency Medicine']
00CQP6-E,"['PDK Energy, Inc.']"
07Q3F9-E,['Hills & Dales General Hospital']
07R0MP-E,"['Orchard, Hiltz & Mccliment, Inc.']"
066QHV-E,"['Commonwealth Associates, Inc.']"
07R81P-E,['Multi-Bank Services Ltd.']
07R31H-E,"['Corporate Eagle Management Services, Inc.']"
0712TX-E,"['Safety Technology International, Inc.']"
07QDPD-E,"['Moran Iron Works, Inc.']"
07R3SS-E,['Detroit Transportation Corp.']
07QQVK-E,"[""Richardson's Pharmacy LLC""]"
07SBKZ-E,['Redico LLC']
07Y7X1-E,"['Guest House, Inc.']"
06Y8NM-E,['Wayne County Airport Authority']
07XGWP-E,['Dakkota Integrated Systems LLC']
07YNFJ-E,['Handy Wacks Corp.']
0887SF-E,['United Way of Midland County']
07Y6DT-E,"['Grand Traverse Industries, Inc.']"
07Z9YM-E,"['Vandco, Inc.']"
0C3ZP9-E,"['ABA Communications, Inc.']"
080P6C-E,"['Van Dyk & Sons, Inc.']"
07S217-E,['Bronson Properties Corp.']
05KXNK-E,['Environmental Research Institute of Michigan']
0BJVJV-E,['Sunlogics PLC']
083YX9-E,"['Quality Craft, Inc.']"
05L5JJ-E,"['Orr & Boss, Inc.']"
07Y9NB-E,['Education & Training Connection']
07Y5CD-E,['Greater Lansing Association of REALTORS']
060SFP-E,"['East Jordan Iron Works, Inc.']"
07WZHV-E,"['User Friendly Consulting, Inc.']"
00D022-E,"['Task Technologies, Inc.']"
0C2XZ3-E,['Detroit Trading Co.']
06J0JF-E,['Academy of the Sacred Heart']
07WT86-E,"['Center Mass, Inc.']"
07YKM2-E,"['Konnech, Inc.']"
07Z57S-E,"['DAS Technologies, Inc.']"
07Z5YZ-E,['B&B Environmental Services LLC']
075Z45-E,"['Leader Dogs For The Blind, Inc.']"
05KR0B-E,['The Automotive Industry Action Group']
07N96N-E,['Greater Detroit Resource Recovery Authority']
083HYT-E,"['Conway Mackenzie, Inc.']"
0CQTWF-E,"['ALTe Powertrain Technologies, Inc.']"
008LJ9-E,"['Crestmark Bancorp, Inc.']"
07TG1W-E,['Covenant House Michigan']
07XLZ4-E,['MIC Customs Solutions']
05L996-E,"['Smithgroup Companies, Inc.']"
07PYVQ-E,['Thumb Electric Cooperative of Michigan']
064K04-E,['GreenStone Farm Credit Services']
05MKJS-E,['Accelerator Group LLC']
05SHTZ-E,['JSJ Corporation']
06438T-E,"['Electro-Matic Products, Inc.']"
05M5C9-E,"['Gordon Food Service, Inc.']"
000HN9-E,['Dow Corning Corp.']
065MVP-E,['RouteOne LLC']
071WCB-E,['Spartan Steel Coating LLC']
05VT3Z-E,['Vector Pipeline LP']
0652V8-E,['Percepta LLC']
05ZNS3-E,"['XPO Express, Inc.']"
05RDDB-E,"['Rugged Liner, Inc.']"
05MN4C-E,"['Zelenka Nursery, Inc.']"
0013JY-E,"['Mechanical Dynamics, Inc.']"
06G0FF-E,"['GIB, Inc.']"
05VF75-E,['TI Automotive']
000R3D-E,['TechTeam Global Inc.']
0CMQFQ-E,['Azaz Capital Corp.']
05MFY5-E,['Delphi Automotive Systems LLC']
06FTD1-E,"['Con-Way Freight, Inc.']"
06FJ8H-E,"['PVS Technologies, Inc.']"
0DBCRP-E,['Syncreon Holdings Ltd.']
063NXP-E,['The Brown Corp. of America LLC']
0B38QV-E,['Ann Arbor State Bank (Michigan)']
05MFR6-E,['Reassure America Life Insurance Co.']
0644XX-E,['ANXeBusiness Corp.']
06MKCJ-E,"['Midwest Loan Services, Inc.']"
06VLQG-E,['Reid Supply Co.']
003GB0-E,"['Plastipak Packaging, Inc.']"
000PZ1-E,['DTE Gas Co.']
007R99-E,"['MGM Grand Detroit, Inc.']"
0641LS-E,['DuPont Automotive Co.']
06Z2HW-E,['United Solar Ovonic LLC']
073GXX-E,['Bank of Michigan']
06Q7NY-E,['Capitol National Bank']
06Q8M3-E,['Talmer West Bank']
05RZXK-E,['Union Pump Co.']
07R9YK-E,['Traverse City State Bank']
001B2N-E,['Chase Industries Inc.']
0CJFFP-E,"['Auto Club Trust, FSB']"
06S4C3-E,['Fusion Education Group']
0688BG-E,['TWB Co. LLC']
06Q8QY-E,"['The National Association of Black Suppliers, Inc.']"
07ZC3C-E,['The Paslin Co.']
007KW7-E,['TD Auto Finance LLC']
074FHG-E,['International Transmission Co. Holding Corp.']
06P4YS-E,['Home-Owners Insurance Co.']
078G5D-E,"['Kalsec, Inc.']"
000DMF-E,['Champion Enterprises']
008XYP-E,"['Pioneer Surgical Technology, Inc.']"
0641GW-E,"[""Dunham's Athleisure Corp.""]"
00205G-E,['Gerber Childrenswear Inc.']
07P166-E,['Burke E. Porter Machinery Co.']
064405-E,['Amway Corp.']
000PDY-E,['Manatron Inc Com']
06RFSR-E,['Semco Energy Gas Co.']
06426F-E,"['Walden Book Co., Inc.']"
06GHL7-E,['Amerisure Insurance Co.']
07CTLY-E,"['MarketLab, Inc.']"
0BBFZD-E,"['Logicalis Us Holdings, Inc.']"
068VPQ-E,['Wintek Electro Optics Corp.']
000JHF-E,['Federal-Mogul Holdings Corp Warrants 2007-27.12.14 On Shs']
064Y75-E,['Dematic Corp.']
06YM29-E,['EMCON Technologies LLC']
05N6MZ-E,['Robert Bosch LLC']
062VJ9-E,['The Johnson Corp.']
05XCJH-E,"['Sterling Technologies, Inc.']"
069WBR-E,['Detroit Legal News Publishing LLC']
06CLYP-E,['Android Industries LLC']
065D1S-E,"['Sensicore, Inc.']"
002XN3-E,['Pavilion Bancorp Inc Com']
00388B-E,['Regents of The University of Michigan']
06JSC4-E,"['ESI North America, Inc.']"
06XHRD-E,['American Road Insurance Co.']
05ND5R-E,['Michigan Electric Transmission Co. LLC']
063N6T-E,"['D&W Food Centers, Inc.']"
064LV9-E,['Jervis B. Webb Co.']
0643VV-E,['FANUC Robotics America Corp.']
00CD34-E,['Acrisure LLC']
05SX2G-E,"['Powerlasers, Inc.']"
06400F-E,['Jasper Cabinet Co.']
06TX7R-E,['Nexlink Communications LLC']
060C6Z-E,"['Moonlight Industries, Inc.']"
06CRCH-E,['Michigan Hospitalists PC']
063W1L-E,['Campbell-Ewald Co.']
067JPH-E,"['Astral, Inc.']"
063YD3-E,"['Detroit Tigers, Inc.']"
074MMT-E,['K-R Automation Corp.']
00B5V1-E,"['Cooper Standard Automotive FHS, Inc.']"
06QCLN-E,['Roush Fenway Racing']
079V14-E,['Carlton Creek Ironworks LLC']
05MG72-E,"['DENSO International America, Inc.']"
07P6MX-E,"[""Dow Chemical Employees' Credit Union""]"
06C2C1-E,"['T/J Technologies, Inc.']"
05MGF1-E,['DeZURIK']
0CGW5Z-E,"['Plasan Carbon Composites, Inc.']"
06GBR5-E,['GVCwinstar']
06DL7H-E,"['Taylor Technologies, Inc.']"
080FZ2-E,"['Spectrum Health Hospitals, Inc.']"
05KH1X-E,['R. L. Polk & Co.']
063CCL-E,['Sircon Corp.']
0652R4-E,['St. John Oakland Hospital']
0656FC-E,"['Valeo, Inc.']"
0CJYGJ-E,['General Dynamics Support Services Co.']
0DH55T-E,"['Train Travel, Inc.']"
05Q1JR-E,['Alma Products Co.']
05MJ13-E,['Dow Corning Electronics']
07KCTT-E,['Asset Acceptance LLC']
06W4QB-E,"['University Bank (Ann Arbor, Michigan)']"
05PKHB-E,"['Lion Compact Energy, Inc.']"
06YWMX-E,['SensiGen LLC']
007JMF-E,['Kinderstreet Corp.']
007JPR-E,"['Legend Motors Worldwide, Inc.']"
0CMXFT-E,['Severstal Dearborn LLC']
0CZBXF-E,['West Shore Bank']
063XNJ-E,"['AJAX Metal Processing, Inc.']"
00734Z-E,"['StanTech, Inc.']"
080MVJ-E,['McLaren Regional Medical Center']
09HRB1-E,['Boys & Girls Club of Greater Flint']
06841H-E,"['JAC Products, Inc.']"
000KXP-E,['Gelman Sciences Inc.']
05QKK9-E,['Centromine']
080HR6-E,['Daifuku Webb Holding Co.']
05NLG2-E,"['Holding Group, Inc.']"
05MMNQ-E,['Carlson Real Estate']
06NK46-E,['Auto Club Insurance Association']
0039D7-E,['Edison Sault Electric Co.']
07HZ70-E,"['FEV, Inc.']"
081KTL-E,"['DGE, Inc.']"
07P59Z-E,['Clinton Memorial Hospital']
07QV0Z-E,['Fan-Tastic Vent Corp.']
06J3T7-E,"['Danlaw, Inc.']"
0CP119-E,"['Summit Digital, Inc.']"
009QQV-E,"['Arbor Photonics, Inc.']"
05KZFV-E,"['Global Technology, Inc.']"
09SP6F-E,['Michigan University of School of Natural Resources & Environm']
0809XX-E,"['Owens Cos., Inc.']"
083N5C-E,"['Delfingen US, Inc.']"
065F2L-E,['AISIN World Corp. of America']
0021L5-E,[nan]
06428S-E,"[""Children's Hospital of Michigan""]"
07673P-E,['Boys & Girls Republic']
07Y5G5-E,"['Emmeskay, Inc.']"
05M8GJ-E,"['XanEdu Publishing, Inc.']"
000NY5-E,['Kysor Industrial Corporation']
09HRBP-E,['Silbond Corporation']
07Z203-E,['Smercina Charitable Partners LLC']
064WWV-E,"['Sensor Developments, Inc.']"
089BPF-E,['Hemlock Semiconductor Corp.']
0C33GR-E,"['Red Cedar Technology, Inc.']"
080LHH-E,['A.M. Todd Co.']
064HY8-E,['Bronson Methodist Hospital']
000R9R-E,"['Newcor, Inc.']"
0CZ13Q-E,"['Michigan Rehabilitation Specialists, Inc.']"
0CC32S-E,['Marquette Rail LLC']
07B261-E,"['Jasper Clinical Research & Development, Inc.']"
064CCH-E,['Flat Rock Assembly Plant']
0641SC-E,['Michigan Economic Development Corp.']
064MXM-E,['Health Alliance Plan of Michigan']
07R1Y0-E,"['Integrated Health Associates, Inc.']"
064HRW-E,['Hackley Hospital']
06PFDY-E,['Chemical Bank']
064CGK-E,['Blue Care Network of Michigan']
064L8Y-E,['Crittenton Hospital Medical Center (Michigan)']
06VXPQ-E,['ChoiceOne Bank']
05ML2D-E,"['AlixPartners, LLP']"
05YXZN-E,['Battle Creek Health System']
06STBL-E,['Isabella Bank']
07D08Y-E,['Talmer Bank and Trust']
06S64S-E,['Macatawa Bank']
07NRGK-E,['Chrysler Group LLC']
000F58-E,['Consumers Energy Company']
00BMNB-E,"['Aeroflex/Inmet, Inc.']"
06NHV4-E,"['Flagstar Bank, FSB']"
07KYJ3-E,"['Fraunhofer USA, Inc.']"
063PPM-E,['Accident Fund Insurance Co. of America']
0093Q3-E,"['Actavision Ventures, Inc.']"
00C88T-E,['Delphi Automotive LLP']
06SC5S-E,['Mercantile Bank of Michigan']
05ND66-E,['Michigan Sugar Co.']
05LMK6-E,['Southern Michigan Bank & Trust']
06PWH9-E,['Eastern Michigan Bank']
0643QL-E,['Bay Regional Medical Center']
084LZ6-E,"['Century Bank & Trust (Coldwater, Michigan)']"
0018LC-E,['Somanetics Corp']
05X0DV-E,"['Great Lakes Health Plan, Inc.']"
08C9L3-E,['syncreon International Group']
07LJCR-E,"['Syncreon.US, Inc.']"
06VS72-E,['mBank']
06XYGS-E,['POH Regional Medical Center']
005RNC-E,"['The State Bank (Fenton, Michigan)']"
001J60-E,['Penske Corporation']
05KG9X-E,['Chelsea State Bank']
06KQ7C-E,"['FinCor Holdings, Inc.']"
001CG8-E,['Autocam Corp Com']
003Z44-E,"['TRW Automotive, Inc.']"
005R7Q-E,['Lapeer County Bank & Trust Co.']
06VB92-E,['First National Bank in Howell (Michigan)']
05N3DL-E,"['Alticor, Inc.']"
000KN5-E,['Ford Motor Credit Company']
07ZVYG-E,['Grand River Bank']
005FF0-E,['Fremont Mich Insuracorp Inc Cl A']
001P5Y-E,['Noble Intl Ltd Com']
06VY78-E,['Monarch Community Bank']
005QGT-E,['Citizens National Bank of Cheboygan']
003WXK-E,['Professionals Direct Inc Com']
06YWVY-E,['Michigan Venture Capital Association']
07RPZ0-E,['Edgewater Bank']
060M64-E,['Dart Bank']
05ZGCG-E,"['Key Safety Systems, Inc.']"
05LC20-E,['Trinity Health Corp.']
05KWK2-E,['Detroit Medical Center']
05W97B-E,"['Meijer, Inc.']"
005S78-E,"['Handylab, Inc.']"
06WZ1K-E,"['Cerenis Therapeutics, Inc.']"
0013VJ-E,['First Mercury Financial']
064G2T-E,"['ForeSee Results, Inc.']"
0CMDPT-E,['First Federal of Northern Michigan']
06VKQ7-E,['Community Shores Bank']
05SKRX-E,"['Cooper-Standard Automotive, Inc.']"
05S3DY-E,['Sturgis Bank & Trust Co.']
06P2KN-E,['Fremont Insurance Co.']
079GMF-E,"['Endra, Inc.']"
06HLLZ-E,"['Plex Systems, Inc.']"
06625N-E,['Affinia Group Intermediate H']
06S7PN-E,['Star Insurance Co.']
06MLVK-E,"['Center Manufacturing, Inc.']"
063XFS-E,"['CareTech Solutions, Inc.']"
06RHGG-E,['Clarkston State Bank']
0021DM-E,"['Prestolite Electric, Inc.']"
0B514M-E,"['ViSalus, Inc.']"
0CLYZ4-E,"['Truven Health Analytics, Inc.']"
0CQ7BY-E,"['RevSpring, Inc.']"
05GPYL-E,['Dorinco Reinsurance Co.']
05R9D4-E,"['HelloWorld, Inc.']"
07N94W-E,"['Grand Transformers, Inc.']"
009BKH-E,['Visioneering Inc']
000NGS-E,['Kaydon Corporation']
05GPX8-E,"['Amerisure, Inc.']"
0794L9-E,['Gavilon Holdings LLC']
060LMT-E,"['Affinia Group, Inc.']"
0030JD-E,"['Champion Home Builders, Inc.']"
064WWX-E,['Trinity Health International']
063B6S-E,"['The Empire Co., Inc.']"
076M1P-E,['Think North America']
000JBN-E,"['ESELCO, Inc.']"
0014DL-E,['Caraco Pharmaceutical Laboratories Ltd.']
0018V4-E,"['Learning Care Group, Inc.']"
05X6CW-E,['Crestmark Bank']
09J8PK-E,['HHI Group Holdings LLC']
000HHY-E,['DTE Electric Company']
07WK9K-E,"['Fluid Routing Solutions, Inc.']"
004HBW-E,['Kmart Fing I Pfd Trcv 7.75%']
000XWZ-E,['Trico Products Corporation']
078912-E,"['Pet Supplies ""Plus""/U.S.A., Inc.']"
001W1R-E,['Hayes Lemmerz International Inc. Cl A']
00F66C-E,"['Seelio, Inc.']"
06PTZQ-E,['Keystone Community Bank']
000Y8L-E,"['Valassis Communications, Inc.']"
0CHBN9-E,['Bank of Birmingham (Michigan)']
05LL41-E,"['Meadowbrook, Inc.']"
0728RH-E,['Goodwill Industries of Greater Detroit']
0721Z6-E,['Trelleborg Corp.']
05MY1B-E,"['AxleTech International, Inc.']"
008Y1X-E,"['Incept BioSystems, Inc.']"
062CJQ-E,['Grenax Broadcasting LLC']
0098B2-E,['MetroPCS Michigan LLC']
0816HC-E,"['Santa Rosa Consulting, Inc.']"
006JN9-E,['Tarpon Inds Inc Com']
00C8Y9-E,"['Mount Knowledge USA, Inc.']"
0B3KP6-E,"['Neuro Nexus Technologies, Inc.']"
066CC7-E,"['Logicalis, Inc.']"
06RW1B-E,['Ann Arbor IT Zone']
063K47-E,"['CogniTens, Inc.']"
064HJK-E,['Ally Commercial Finance LLC']
0CKCS7-E,['General Dynamics Land Systems Customer Service & Support Co.']
063B6Z-E,"[""Kok's Woodgoods, Inc.""]"
080PZD-E,"['Avon Protection Systems, Inc.']"
06HW7N-E,['Ann Arbor Spark Business Accelerator']
006WC6-E,"['Accuri Cytometers, Inc.']"
07BF9P-E,['ViSalus Holdings LLC']
06LP97-E,"['ReCellular, Inc.']"
06JDBF-E,"['General Motors Foundation, Inc.']"
06QWQ3-E,"['International Automotive Components Group North America, Inc.']"
06VXVF-E,['Greektown Casino LLC']
063688-E,['Ranir LLC']
000L0X-E,['Gerber Products Company']
00CNRP-E,['LINC Logistics Co.']
06VG0B-E,['Hantz Bank']
0788F5-E,['Livingston Community Bank']
080LQW-E,['Hella Electronics Corp.']
0C67PQ-E,"['Altair ProductDesign, Inc.']"
0CK0V9-E,['PowerTeam Services LLC']
07C0G2-E,"['Independent Bank (Ionia, Michigan)']"
002GNZ-E,"['USF Holland, Inc.']"
061SSV-E,['Barton Malow Co.']
05SQB6-E,"['Automotion, Inc.']"
06XJXG-E,"['Liquidity, Inc.']"
06VXX7-E,"['ChoiceOne Insurance Agencies, Inc.']"
AACC-US,['Asset Acceptance Capital Corp.']
06W2TN-E,['Lenawee Health Alliance']
07J9CQ-E,['Boys & Girls Club of Lenawee']
067JLF-E,['American Laser Centers LLC']
06TX4J-E,"['North Pointe Financial Services, Inc.']"
06NK2S-E,['North Pointe Insurance Co.']
06TX4R-E,['North Pointe Casualty Insurance Co.']
084ZPT-E,['Firstbank']
009VDT-E,"['Henniges Automotive, Inc.']"
000DQ5-E,['Chrysler Financial Corp.']
0655NN-E,['Providence Hospital & Medical Centers']
07X1JD-E,"['Canteen Services, Inc.']"
002WML-E,"['Saturn Electronics & Engineering, Inc.']"
06MQV6-E,"[""Borman's, Inc.""]"
001ZX2-E,['United Road Service Com New']
07BWGQ-E,['Tata Technologies Ltd.']
0089GT-E,"['Avon Automotive Holdings, Inc.']"
07CBXB-E,['BNN Holdings Corp.']
05VYJC-E,['LE Technologies']
00BMN6-E,"['Aeroflex Microelectronic Solutions, Inc.']"
07JMFW-E,"['Mindware Engineering, Inc.']"
05LCMS-E,['BBK Ltd.']
05LL96-E,"['MediaSpan Group, Inc.']"
06S9ND-E,['Crossroads Media LLC']
07627S-E,"['Trubiquity, Inc.']"
0CNVJ8-E,['MSR Industrial Services LLC']
06WB9Y-E,"['Business Health Services, Inc.']"
064KH2-E,['RGIS LLC']
05PN8C-E,"['Faraday, Inc.']"
0B60ZD-E,['Western Michigan University School of Medicine']
064Z80-E,"['Assay Designs, Inc.']"
05V7SX-E,"['Beringea, Inc.']"
07P37F-E,"['Burtek, Inc.']"
07N2B7-E,['Level One Bank']
060HCM-E,['WHSB-FM']
0BGFC1-E,"['Venture Industries, Inc.']"
07ZBGM-E,['Sitronic Corp.']
0C69JG-E,['Michigan Tech Research Institute']
06792Y-E,"['Cello-Foil Products, Inc.']"
07X4BQ-E,"['ALD Thermal Treatment, Inc.']"
0646X9-E,['CMS Enterprises Co.']
069XPS-E,"['Ensure Technologies, Inc.']"
0BXYWB-E,['EP Management Corp.']
080HS6-E,['Wolverine Advanced Materials']
0014NX-E,[nan]
0064V3-E,"['Appia Communications, Inc.']"
0CXZVQ-E,"['AgriSight, Inc.']"
09ZNGP-E,"['LLamasoft, Inc.']"
0C34MK-E,"['SpaceForm Welding Solutions, Inc.']"
0CZ051-E,"['JobApp Network, Inc.']"
065960-E,['The Harvard Drug Group LLC']
0CVY79-E,['AIP/Aerospace Holdings LLC']
09HZRS-E,"['Burroughs, Inc.']"
05MJTL-E,['Whitehall Products LLC']
0704ZR-E,"['Great Lakes Home Health Services, Inc.']"
0C0W3X-E,"['Estrakon, Inc.']"
00DG8S-E,"['DeepField Networks, Inc.']"
0C91WZ-E,['ARCH Global Precision LLC']
09L0PQ-E,['3D Biomatrix LLC']
07BQF0-E,['Heartland Steel Products LLC']
00C1DB-E,"['gloStream, Inc.']"
07RK7M-E,"['Custom Profile, Inc.']"
0D620F-E,"['Mopec, Inc.']"
0CX43P-E,['OPS Solutions LLC']
09KZ9N-E,['SalezTrack LLC']
00CBVY-E,"['HistoSonics, Inc.']"
0BZ2Q0-E,"['Advanced Technologies of Michigan, Inc.']"
0B3QYH-E,"['AutoKnowledge, Inc.']"
00D5FW-E,['Current Motor Co.']
0CJDVP-E,"['Oxus America, Inc.']"
00D6X3-E,['Digital Knowledge Corp.']
00DSP4-E,['Varsity News Network LLC']
07CVPC-E,['The Shane Group LLC']
0BZ0BH-E,"['OcuSciences, Inc.']"
0DDJ4Q-E,['Motozuma LLC']
0CQ0BF-E,['Mitsi Holdings LLC']
06LYHB-E,"['Lotus Bancorp, Inc']"
009WRR-E,['Metabolic Solutions Development Co. LLC']
0BP6Q3-E,['Detroit Renewable Energy LLC']
003J61-E,['QuatRx Pharmaceuticals Company']
00B7H9-E,"['XG Sciences, Inc.']"
0661Z0-E,['Affinia Group Holdings Inc.']
05Z81P-E,['ProQuest LLC']
006GZC-E,['Nanobio Corporation']
003KRB-E,"['Nanocerox, Inc.']"
00DL2G-E,['Auto-Lab LLC']
009QGW-E,"['CytoPherx, Inc.']"
063VTG-E,['Dearborn Mid-West Conveyor Co.']
005QL9-E,['NephRx Corp.']
008THT-E,['Lycera Corp.']
064KDL-E,"['Unique Fabricating, Inc.']"
072H8G-E,['Continental Energy Systems LLC']
0B6JMJ-E,['ZeroBase Energy LLC']
09XSMY-E,"['Swift Biosciences, Inc.']"
05LQKT-E,"['NovoDynamics, Inc.']"
008M7F-E,"['Pixel Velocity, Inc.']"
00DKHH-E,['Rock City Apps LLC']
00DWTC-E,"['Atterocor, Inc.']"
00CLRY-E,"['Delphinus Medical Technologies, Inc.']"
00DKVD-E,"['Ablative Solutions, Inc.']"
00CDGT-E,"['Accio Energy, Inc.']"
06L2ZR-E,"['Janeeva, Inc.']"
0CKVH5-E,"['Grand River Aseptic Manufacturing, Inc.']"
00C628-E,"['RealBio Technology, Inc.']"
00F86L-E,"['Fusion Coolant Systems, Inc.']"
00DFHG-E,['iRule LLC']
078D6R-E,"['Sakti3, Inc.']"
00B4D3-E,"['American BioCare, Inc.']"
00BDT8-E,"['TransCorp, Inc.']"
005VL0-E,"['ProNAi Therapeutics, Inc.']"
0CTT7Z-E,['Ark Labs LLC']
0BD534-E,['OnSite Services Co.']
07D9PH-E,"['Molecular Imaging, Inc.']"
00C9SJ-E,['Algal Scientific Corp.']
0792SJ-E,"['Tolera Therapeutics, Inc.']"
00BHVC-E,"['Danotek Motion Technologies, Inc.']"
00BJXT-E,"[""Michelle's Miracle, Inc.""]"
0CJ90P-E,['Angott Medical Products LLC']
0C2MTF-E,"['Magnetic Resonance Innovations, Inc.']"
0CRH4M-E,"['ArborMetrix, Inc.']"
00DW6T-E,['Quikly LLC']
06CXXZ-E,['General Products Corporation']
05LKV3-E,"['Maxfunds.com, Inc.']"
06J1S9-E,['Ross Education LLC']
0082PG-E,"['Gema Diagnostics, Inc.']"
009J9T-E,"['Phrixus Pharmaceuticals, Inc.']"
0CTNY6-E,['Level Eleven LLC']
0089ZV-E,['Die Cast Holdings Inc']
005P3W-E,"['Rubicon Genomics, Inc.']"
078BTS-E,['EcoMotors International']
0097XY-E,['Vestaron Corp.']
006PRV-E,"['Coherix, Inc.']"
07FK8K-E,"['Precision Motor Transport Group, LLC']"
00C4FS-E,"['Ultrasound Medical Devices, Inc.']"
00BCBQ-E,"['Armune BioScience, Inc.']"
00D83N-E,['Are You a Human LLC']
0C2M6Y-E,"['Monarch Antenna, Inc.']"
00C3Y9-E,"['Destination Media, Inc.']"
00DF7N-E,"['Tangent Medical Technologies, Inc.']"
00DHQZ-E,['Own Point of Sale Corp.']
00DMM4-E,"['Axonia Medical, Inc.']"
000NWW-E,['Knape & Vogt Manufacturing Co.']
09QLVR-E,['Rainbow Early Education Holding LLC']
003GC1-E,"['Plastipak Holdings, Inc.']"
007NNK-E,"['Solidica, Inc.']"
05KR9D-E,"['The Bartech Group, Inc.']"
00CRGY-E,"['Duo Security, Inc.']"
063SXT-E,"['Market Strategies, Inc.']"
06SNYN-E,"['Unitask, Inc.']"
07B77Z-E,['NSW Automotive LLC']
06NK62-E,"['New Moosejaw, LLC']"
05TWQ4-E,['Detroit River Tunnel Co.']
00B798-E,"['Aursos, Inc.']"
071SVZ-E,"['Meditrina Pharmaceuticals, Inc.']"
06LWSR-E,['WorkForce Software LLC']
00C3JV-E,"['ElectroJet, Inc.']"
00DNLJ-E,"['ePaySelect, Inc.']"
00FNV6-E,"['Pinoccio, Inc.']"
00F69K-E,"['Protean Payment, Inc.']"
00FLJ5-E,['Tetra Discovery Partners LLC']
0C322H-E,['Quantum Signal LLC']
